"plot_id","id","site name","reservation","community","vibi","fqai","deer","year","panel","pcap id","fragment id","developed","activity area","closest developed","sanctioned trail","bootleg trail","closest trail","developed edge","stream edge","total edges","fragment area","fragment perimeter","ldi index score","area","perimeter","field_25"
"1001_1st",1,1001,North Chagrin,Steep Slope-Mixed Forest,,,,2010,Year_1,1,17349,147,5,5,,,,6679,0,6679,852672,4893,6.01,0,0,
"1007_1st",7,1007,Mill Stream Run,Mowed/Gravel Roadway,,,,2010,Year_1,7,1038,5,,5,,,,805,2311,3116,48493,1091,3.14,0,0,
"1020_1st",20,1020,Bedford,Mowed Ball Field,,,,2010,Year_1,20,3386,38,0,0,29,38,29,10139,8695,18834,1945098,13162,1.78,0,0,
"1023_1st",23,1023,Brecksville,Mowed Pkwy Right of way,,,,2010,Year_1,23,840,17,,17,,,,4567,0,4567,72768,2744,3.92,0,0,
"1027_1st",27,1027,South Chagrin,Mowed Hill,,,,2010,Year_1,27,2941,33,144,33,50,203,50,7217,0,7217,248816,3625,3.48,0,0,
"1032_1st",32,1032,South Chagrin,Streams and Rivers,,,,2010,Year_1,32,6908,159,195,159,22,38,22,11301,3296,14597,601646,6614,3.54,166311,2568,
"1036_1st",36,1036,Euclid Creek,Vertical slope- no veg,,,,2010,Year_1,36,16416,27,,27,156,180,156,9802,459,10262,369958,7666,3.57,0,0,
"1037_1st",37,1037,Hinckley,Mowed lawn,,,,2010,Year_1,37,672,73,,73,,,,7610,1898,9508,480020,4295,1.51,0,0,
"1042_1st",42,1042,Rocky River,Steep Slope-Mixed Forest,,,,2010,Year_1,42,7742,18,,18,,,,11734,0,11734,160258,4457,3.75,0,0,
"1186_1st",185,1186,Big Creek,Mowed berm,,,,2011,Year_2,209,1886,5,,5,,,,1673,145,1818,27801,1148,3.4,0,0,
"1049_1st",49,1049,North Chagrin,Mowed  Golf Course,,,,2010,Year_1,49,17349,95,0,0,,,,6679,0,6679,852672,4893,6.01,0,0,
"1056_1st",56,1056,North Chagrin,Eroded grassy slope,,,,2010,Year_1,56,16457,31,,31,,,,4724,1642,6365,101664,2878,2.24,0,0,
"1062_1st",62,1062,Mill Stream Run,Mowed Area,,,,2010,Year_1,62,2221,62,3,3,85,238,85,4516,0,4516,246183,3919,4.39,0,0,
"1079_1st",79,1079,Bedford,Mowed Right of way,,,,2010,Year_1,79,3482,8,,8,,,,2319,0,2319,7583,979,2.49,0,0,
"1084_1st",84,1084,Washington,Disturbed soil,,,,2010,Year_1,84,21578,22,0,0,,,,2568,0,2568,53547,1289,7.32,0,0,
"1085_1st",85,1085,Hinckley,Paved,,,,2010,Year_1,85,700,11,0,0,3,74,3,2872,1955,4827,467089,4305,1.77,0,0,
"1128_1st",127,1128,South Chagrin,Beech-red oak forest,67,25.62512554,low,2011,Year_2,152,10063,9,,9,445,447,445,12255,0,12255,371460,4714,2.0,0,0,
"1129_1st",128,1129,North Chagrin,Beech-maple forest,63,27.95426938,low,2011,Year_2,153,17124,310,261,261,25,33,25,11010,1830,12839,1917366,8952,1.68,1087039,6762,
"1095_1st",95,1095,Bedford,Paved,,,,2010,Year_1,95,3296,65,0,0,,,,5979,2442,8421,398147,5867,2.57,0,0,
"1109_1st",108,1109,Brecksville,Streams and Rivers,,,,2011,Year_2,133,1535,6,,6,,,,2619,2979,5598,17029,2556,1.4,0,0,
"1118_1st",117,1118,Rocky River,Streams and Rivers,,,,2011,Year_2,142,3777,91,101,91,250,76,76,697,701,1399,48598,1303,1.25,0,0,
"1120_1st",119,1120,North Chagrin,Mowed area in parking lot,,,,2011,Year_2,144,17763,4,0,0,,,,397,0,397,4526,288,3.37,0,0,
"1121_1st",120,1121,Brecksville,Mowed berm,,,,2011,Year_2,145,767,4,25,4,60,226,60,7163,0,7163,667918,5455,1.75,0,0,
"1130_1st",129,1130,Hinckley,Small (<25 ac) reservoir,,,,2011,Year_2,154,335,75,58,58,58,537,58,12459,4223,16682,1813467,11535,1.38,0,0,
"1137_1st",136,1137,Brecksville,Mowed Golf Course,,,,2011,Year_2,160,871,180,0,0,212,122,122,7742,0,7742,1167757,4704,3.82,0,0,
"1139_1st",138,1139,Bedford,Streams and Rivers,,,,2011,Year_2,162,3447,155,,155,,,,2547,3182,5729,434964,5234,1.88,228870,2724,
"1142_1st",141,1142,Big Creek,Paved,,,,2011,Year_2,165,5357,3,,3,,,,2275,0,2275,6648,1088,6.11,0,0,
"1152_1st",151,1152,Brookside,Paved,,,,2011,Year_2,175,7233,11,0,0,122,140,122,1791,797,2588,56156,1420,7.02,0,0,
"1158_1st",157,1158,Rocky River,Mowed Golf Course,,,,2011,Year_2,181,6695,454,0,0,555,275,275,3838,3163,7000,757565,6420,5.15,0,0,
"1160_1st",159,1160,South Chagrin,Mowed,,,,2011,Year_2,183,9735,12,,12,510,203,203,7348,2052,9401,142941,3271,2.83,0,0,
"1163_1st",162,1163,Mill Stream Run,Streams and Rivers,,,,2011,Year_2,186,1156,194,,194,,,,1210,1096,2307,87758,1540,2.31,55944,963,
"1165_1st",164,1165,Hinckley,Large (>50 ac) reservior,,,,2011,Year_2,188,700,120,110,110,10,16,10,2872,1955,4827,467089,4305,1.77,0,0,
"1170_1st",169,1170,Rocky River,Mowed Golf Course,,,,2011,Year_2,193,6695,299,0,0,385,278,278,3838,3163,7000,757565,6420,5.15,0,0,
"1172_1st",171,1172,South Chagrin,Streams and Rivers,,,,2011,Year_2,195,6908,47,151,47,283,128,128,11301,3296,14597,601646,6614,3.54,7461,392,
"1177_1st",176,1177,North Chagrin,Atypical Upland Forest,29,13.57142857,low,2011,Year_2,200,17070,160,,160,17,6,6,2842,2300,5142,138658,1710,3.33,76970,1177,
"1181_1st",180,1181,Hinckley,Large (>50 ac) reservior,,,,2011,Year_2,204,674,56,38,38,86,35,35,3121,1955,5076,367363,4984,1.23,0,0,
"1185_1st",184,1185,Brecksville,Paved,,,,2011,Year_2,208,758,11,0,0,2,77,2,9445,9766,19211,2708700,9043,1.31,0,0,
"1193_1st",192,1193,North Chagrin,Mowed area in parking lot,,,,2011,Year_2,216,17124,12,0,0,37,96,37,11010,1830,12839,1917366,8952,1.68,0,0,
"1201_1st",200,1201,Brecksville,"""MIXED"" FORESTS",47,20.22482332,,2012,Year_3,243,1044,15,0,0,11,122,11,8257,749,9006,1771071,6580,1.5,0,0,
"1202_1st",201,1202,Rocky River,Steep Slope-Mixed Forest,,,,2012,Year_3,244,3733,29,,29,,,,3830,1938,5768,165914,4350,2.53,0,0,
"1203_1st",202,1203,Bedford,Streams and Rivers,,,,2012,Year_3,245,3462,92,,92,,,,1899,2220,4119,80914,3146,2.64,0,0,
"1214_1st",213,1214,Rocky River,Paved,,,,2012,Year_3,256,21921,0,12,0,19,354,19,4754,13,4767,128325,3493,4.62,0,0,
"1225_1st",224,1225,North Chagrin,Mowed Golf Course,,,,2012,Year_3,267,17349,71,0,0,,,,6679,0,6679,852672,4893,6.01,0,0,
"1227_1st",226,1227,Mill Stream Run,Steep Slope-Mixed Forest,,,,2012,Year_3,269,828,74,461,74,34,64,34,12861,2764,15624,3645170,10878,1.22,0,0,
"1228_1st",227,1228,Garfield Park,Paved,,,,2012,Year_3,270,7676,1,204,1,14,93,14,3537,1676,5214,299826,3746,6.4,0,0,
"1234_1st",233,1234,Rocky River,Mowed Golf Course,,,,2012,Year_3,276,7034,119,6,6,102,131,102,8129,3163,11291,1076909,9523,2.66,0,0,
"1239_1st",238,1239,Bedford,Mowed Golf Course,,,,2012,Year_3,281,2936,284,0,0,447,549,447,8175,241,8416,958260,4891,6.12,0,0,
"1244_1st",243,1244,Ohio and Erie Canal,Mowed,,,,2012,Year_3,286,9961,7,,7,,,,3124,0,3124,8116,1396,7.67,0,0,
"1247_1st",246,1247,South Chagrin,Paved,,,,2012,Year_3,289,4297,3,,3,,,,8698,0,8698,216691,4044,2.63,0,0,
"1251_1st",250,1251,Bedford,Steep Slope-Mixed Forest,,,,2012,Year_3,293,3386,15,1058,15,301,289,289,10139,8695,18834,1945098,13162,1.78,0,0,
"1260_1st",259,1260,Ohio and Erie Canal,Steep Slope,,,,2012,Year_3,302,7567,3,,3,,,,9213,2418,11631,92757,3498,3.42,0,0,
"1270_1st",269,1270,Mill Stream Run,Streams and Rivers,,,,2012,Year_3,312,1858,22,15,15,15,178,15,2003,974,2977,85369,1619,1.65,0,0,
"1273_1st",272,1273,North Chagrin,Hemlock-hardwood forest,39,16.03567451,,2012,Year_3,315,17072,493,957,493,6,6,6,3845,1830,5674,584325,4305,1.46,373019,3297,
"1278_1st",277,1278,Rocky River,Steep Slope,,,,2012,Year_3,320,10915,12,,12,425,54,54,4919,1049,5968,132832,4379,3.6,0,0,
"1280_1st",279,1280,Brookside,Mowed Field,,,,2012,Year_3,322,6726,107,0,0,88,142,88,6501,156,6658,269922,3743,5.23,0,0,
"1285_1st",284,1285,Brecksville,Steep Slope-Mixed Forest,,,,2012,Year_3,327,836,439,,439,,,,11366,6687,18053,1996689,8598,1.15,1442707,5815,
"1290_1st",289,1290,Hinckley,Upland Farm Field,,,,2012,Year_3,332,691,40,,40,,,,2215,0,2215,134483,1843,2.8,0,0,
"1303_1st",302,1303,Bedford,Buildings and Other Structures,,,,2013,Year_4,362,2936,90,17,17,696,745,696,8175,241,8416,958260,4891,6.12,0,0,
"1322_1st",321,1322,Hinckley,"""MIXED"" FORESTS",77,25.0,low,2013,Year_4,381,335,52,827,52,193,145,145,12459,4223,16682,1813467,11535,1.38,0,0,
"1305_1st",304,1305,Hinckley,Streams and Rivers,,,,2013,Year_4,364,517,140,,140,,,,11862,5584,17446,1444312,11430,1.1,567582,5342,
"1324_1st",323,1324,Bedford,Mesic Floodplain Forest,30,13.3,low,2013,Year_4,383,4924,28,,28,,,,2199,1159,3359,54041,2062,2.65,0,0,
"1311_1st",310,1311,South Chagrin,Mowed Berm,,,,2013,Year_4,370,4297,12,,12,,,,8698,0,8698,216691,4044,2.63,0,0,
"1315_1st",314,1315,Bedford,Red maple thickets and woodlands,24,15.31883372,,2013,Year_4,374,2151,123,,123,,,,4937,1106,6043,283493,2922,1.39,56098,1011,
"1323_1st",322,1323,Huntington,Paved,,,,2013,Year_4,382,14204,62,2,2,0,67,0,2536,220,2756,74825,2042,6.9,0,0,
"1331_1st",330,1331,South Chagrin,Mowed Hill,,,,2013,Year_4,390,4573,59,0,0,,,,4476,889,5365,200486,3466,3.25,0,0,
"1332_1st",331,1332,North Chagrin,Beech-maple forest,47,20.74179891,,2013,Year_4,391,16616,354,375,354,11,115,11,5583,1230,6813,1485834,5875,1.67,1026858,4909,
"1334_1st",333,1334,Rocky River,Mowed Golf Course,,,,2013,Year_4,393,7034,134,0,0,351,177,177,8129,3163,11291,1076909,9523,2.66,0,0,
"1337_1st",336,1337,North Chagrin,Steep Slope-Mixed Forest,,,,2013,Year_4,396,17124,197,228,197,84,37,37,11010,1830,12839,1917366,8952,1.68,1087039,6762,
"1342_1st",341,1342,Rocky River,Steep Slope-Mixed Forest,,,,2013,Year_4,401,7337,56,,56,522,230,230,9673,3761,13434,628715,11930,1.8,0,0,
"1344_1st",343,1344,North Chagrin,Mowed Berm,,,,2013,Year_4,403,17349,10,0,0,,,,6679,0,6679,852672,4893,6.01,0,0,
"1345_1st",344,1345,Brecksville,Mowed Golf Course,,,,2013,Year_4,404,871,161,0,0,206,100,100,7742,0,7742,1167757,4704,3.82,0,0,
"1346_1st",345,1346,Rocky River,Mowed Picnic Area,,,,2013,Year_4,405,7815,64,8,8,85,133,85,7774,6303,14077,942215,11103,1.97,0,0,
"1354_1st",353,1354,Hinckley,"""MIXED"" FORESTS",47,16.15069124,low,2013,Year_4,413,335,418,498,418,11,220,11,12459,4223,16682,1813467,11535,1.38,1140957,7831,
"1356_1st",355,1356,North Chagrin,Paved,,,,2013,Year_4,415,17803,7,,7,,,,2288,0,2288,8596,1287,7.46,0,0,
"1364_1st",363,1364,South Chagrin,Mowed Polo Field,,,,2013,Year_4,423,6908,103,0,0,61,523,61,11301,3296,14597,601646,6614,3.54,0,0,
"1378_1st",377,1378,Rocky River,Buildings and Other Structures,,,,2013,Year_4,436,3614,50,6,6,11,2,2,7409,1895,9304,659619,5641,2.43,0,0,
"1382_1st",381,1382,Big Creek,Paved,,,,2013,Year_4,440,3107,4,,4,,,,3792,0,3792,9993,1960,6.94,0,0,
"1391_1st",390,1391,South Chagrin,Paved,,,,2013,Year_4,448,4198,1,41,1,,,,3444,0,3444,6538,1166,4.93,0,0,
"1392_1st",391,1392,North Chagrin,Steep Slope-Hemlock-hardwood forest,,,,2013,Year_4,449,16616,396,534,396,27,65,27,5583,1230,6813,1485834,5875,1.67,1026858,4909,
"1397_1st",396,1397,Hinckley,Mowed Picnic Area,,,,2013,Year_4,454,318,8,0,0,35,174,35,23105,0,23105,4185661,12531,1.38,0,0,
"1398_1st",397,1398,Mill Stream Run,Streams and Rivers,,,,2013,Year_4,455,1858,37,356,37,22,25,22,2003,974,2977,85369,1619,1.65,0,0,
"3432_1st",446,3432,Bedford,Streams and Rivers,6,9.875414398,low,2013,Year_4,463,2169,152,,152,29,112,29,11148,2862,14011,939302,6219,1.65,368780,4479,
"3428_1st",445,3428,South Chagrin,Red maple thickets and woodlands,26,17.93223961,high,2013,Year_4,462,10427,98,,98,,,,5269,0,5269,201940,3326,2.24,0,0,
"1008_1st",8,1008,West Creek,Mesic Floodplain Forest,36,17.4077656,high,2010,Year_1,8,2875,69,,69,1776,48,48,11387,3831,15218,536239,9971,1.61,0,0,
"1010_1st",10,1010,Rocky River,Mesic Floodplain Forest,33,22.86002286,high,2010,Year_1,10,2879,23,,23,,,,9399,4852,14251,921849,7816,2.72,0,0,
"1013_1st",13,1013,Brecksville,Beech-maple forest,54,22.06253738,high,2010,Year_1,13,802,1,,1,,,,7537,0,7537,68352,2997,2.76,0,0,
"1014_1st",14,1014,Mill Stream Run,Blackberry and Grape Tangle,42,15.75341908,high,2010,Year_1,14,1865,17,556,17,,,,4217,0,4217,380278,3205,1.47,0,0,
"1018_1st",18,1018,Hinckley,Mesic Floodplain Forest,43,26.94438717,high,2010,Year_1,18,664,705,718,705,500,188,188,12373,3242,15615,2008135,8465,1.7,1218361,7697,
"1019_1st",19,1019,Mill Stream Run,Beech-red oak forest,46,19.82481414,high,2010,Year_1,19,828,58,944,58,179,17,17,12861,2764,15624,3645170,10878,1.22,0,0,
"1022_1st",22,1022,Rocky River,"""MIXED"" FORESTS",41,16.90308509,high,2010,Year_1,22,12103,88,71,71,86,6,6,4472,1068,5540,280992,3177,2.86,0,0,
"1024_1st",24,1024,Big Creek,Beech-maple forest,54,21.31718139,high,2010,Year_1,24,9863,25,7,7,31,11,11,1699,782,2481,96883,1847,3.96,0,0,
"1025_1st",25,1025,Brecksville,Dry-Mesic Oak Forest and Woodland,64,30.83050437,high,2010,Year_1,25,758,110,160,110,22,85,22,9445,9766,19211,2708700,9043,1.31,1937830,9532,
"1028_1st",28,1028,North Chagrin,Beech-maple forest,55,23.19253365,high,2010,Year_1,28,16615,25,,25,502,501,501,9324,2678,12002,680474,8158,1.74,0,0,
"1029_1st",29,1029,Brecksville,reed canary grass meadow,27,6.454972244,high,2010,Year_1,29,1209,56,,56,,,,8652,2481,11133,591040,5631,1.22,0,0,
"1031_1st",31,1031,Bedford,"""MIXED"" FORESTS",67,32.60587151,high,2010,Year_1,31,3203,50,57,50,65,246,65,6926,0,6926,650049,5995,1.91,0,0,
"1038_1st",38,1038,Rocky River,Beech-maple forest,43,20.13045688,high,2010,Year_1,38,7273,52,,52,,,,8989,1284,10273,338893,8005,2.64,0,0,
"1046_1st",46,1046,Big Creek,Mixed emergent marsh,10,6.717514421,high,2010,Year_1,46,3248,105,,105,153,228,153,3779,254,4033,223909,3394,1.47,39598,938,
"1052_1st",52,1052,Ohio and Erie Canal,Cottonwood Forest,12,9.797958971,high,2010,Year_1,52,10650,28,,28,,,,7175,434,7609,102335,6322,3.8,0,0,
"1053_1st",53,1053,Hinckley,Mesic Floodplain Forest,49,30.25315411,high,2010,Year_1,53,664,278,327,278,123,25,25,12373,3242,15615,2008135,8465,1.7,1218361,7697,
"1061_1st",61,1061,Brecksville,Dry-Mesic Oak Forest and Woodland,57,24.18048081,high,2010,Year_1,61,758,349,358,349,22,271,22,9445,9766,19211,2708700,9043,1.31,1937830,9532,
"1067_1st",67,1067,Mill Stream Run,"""MIXED"" FORESTS",40,17.09818195,high,2010,Year_1,67,1912,82,,82,49,23,23,4635,974,5609,362906,4689,1.31,0,0,
"1078_1st",78,1078,Big Creek,Maple-Ash swamp,44,17.75592091,high,2010,Year_1,78,6374,186,,186,,,,1029,919,1947,127336,1862,1.48,47391,1283,
"1080_1st",80,1080,South Chagrin,"""MIXED"" FORESTS",43,15.89438828,high,2010,Year_1,80,6908,30,188,30,133,243,133,11301,3296,14597,601646,6614,3.54,0,0,
"1083_1st",83,1083,Mill Stream Run,"""MIXED"" FORESTS",30,16.27763922,high,2010,Year_1,83,828,180,171,171,14,144,14,12861,2764,15624,3645170,10878,1.22,2528157,11042,
"1086_1st",86,1086,Rocky River,Cottonwood Forest,55,21.77324216,high,2010,Year_1,86,12104,8,451,8,448,27,27,1434,1068,2502,95421,2036,1.74,0,0,
"1090_1st",90,1090,Rocky River,Beech-maple forest,51,17.05961028,high,2010,Year_1,90,3744,187,109,109,,,,975,818,1794,106008,1331,2.33,29768,927,
"1092_1st",92,1092,North Chagrin,Dry-Mesic Oak Forest and Woodland,52,20.79787788,high,2010,Year_1,92,16616,166,316,166,65,311,65,5583,1230,6813,1485834,5875,1.67,1026858,4909,
"1093_1st",93,1093,Brecksville,"""MIXED"" FORESTS",39,20.98357321,high,2010,Year_1,93,836,46,,46,,,,11366,6687,18053,1996689,8598,1.15,0,0,
"1094_1st",94,1094,Rocky River,"""MIXED"" FORESTS",30,15.89769927,high,2010,Year_1,94,7034,28,475,28,66,5,5,8129,3163,11291,1076909,9523,2.66,0,0,
"1104_1st",103,1104,North Chagrin,Mesic Floodplain Forest,34,13.62659937,high,2011,Year_2,128,17908,49,,49,,,,5991,1316,7307,227917,3223,2.14,0,0,
"1106_1st",105,1106,Rocky River,Young field (<5 years),0,6.736096793,high,2011,Year_2,130,6700,65,64,64,,,,8593,0,8593,448013,7779,2.62,0,0,
"1111_1st",110,1111,Bedford,Red maple thickets and woodlands,26,21.15352685,high,2011,Year_2,135,3347,32,,32,479,595,479,8869,241,9110,767481,6503,1.63,0,0,
"1123_1st",122,1123,Bedford,Dogwood Thickets,10,8.928837434,high,2011,Year_2,147,2169,6,,6,247,13,13,11148,2862,14011,939302,6219,1.65,0,0,
"1124_1st",123,1124,South Chagrin,"""MIXED"" FORESTS",53,18.67524313,high,2011,Year_2,148,7527,36,118,36,26,161,26,3467,2662,6129,417933,3758,2.39,0,0,
"1141_1st",140,1141,Brecksville,Cratategus shrub thicket,27,13.48073287,high,2011,Year_2,164,1390,188,387,188,321,444,321,5549,384,5932,543850,3152,1.39,261269,2299,
"1149_1st",148,1149,Hinckley,"""MIXED"" FORESTS",54,17.07211595,high,2011,Year_2,172,664,69,55,55,58,248,58,12373,3242,15615,2008135,8465,1.7,0,0,
"1151_1st",150,1151,Mill Stream Run,Sugar maple forest,46,20.98442646,high,2011,Year_2,174,828,277,1197,277,255,227,227,12861,2764,15624,3645170,10878,1.22,2528157,11042,
"1157_1st",156,1157,Brecksville,"""MIXED"" FORESTS",57,20.22107544,high,2011,Year_2,180,836,327,,327,,,,11366,6687,18053,1996689,8598,1.15,1442707,5815,
"1159_1st",158,1159,Bedford,"""MIXED"" FORESTS",36,16.95401417,high,2011,Year_2,182,3347,270,,270,238,89,89,8869,241,9110,767481,6503,1.63,322092,2502,
"1178_1st",177,1178,Bradley Woods,Oak-Maple swamp,67,27.82804341,high,2011,Year_2,201,9822,26,,26,757,751,751,9409,0,9409,929300,6451,1.4,0,0,
"1180_1st",179,1180,Ohio and Erie Canal,Old field (>10 years),36,11.84948338,high,2011,Year_2,203,7524,61,,61,,,,3057,3620,6677,254114,4155,5.13,0,0,
"1182_1st",181,1182,Rocky River,"""MIXED"" FORESTS",43,18.70924141,high,2011,Year_2,205,9943,161,215,161,53,101,53,8624,0,8624,451709,7202,1.9,71024,1222,
"1183_1st",182,1183,South Chagrin,"""MIXED"" FORESTS",33,14.5780943,high,2011,Year_2,206,10417,30,,30,,,,6839,0,6839,19586,784,5.41,0,0,
"1191_1st",190,1191,Bedford,"""MIXED"" FORESTS",70,24.27119505,high,2011,Year_2,214,3386,107,532,107,100,22,22,10139,8695,18834,1945098,13162,1.78,1238095,9912,
"1192_1st",191,1192,South Chagrin,Beech forest,67,28.29615047,high,2011,Year_2,215,9162,77,835,77,438,416,416,10222,0,10222,1149320,7522,1.62,0,0,
"1196_1st",195,1196,Bedford,"""MIXED"" FORESTS",28,12.70170592,high,2011,Year_2,219,2936,74,0,0,588,771,588,8175,241,8416,958260,4891,6.12,0,0,
"1212_1st",211,1212,Euclid Creek,Streams and Rivers,34,11.8058366,high,2012,Year_3,254,16484,76,53,53,13,14,13,5927,4148,10075,543735,8853,3.86,0,0,
"1223_1st",222,1223,Bedford,"""MIXED"" FORESTS",33,16.17294353,high,2012,Year_3,265,3347,29,,29,615,121,121,8869,241,9110,767481,6503,1.63,0,0,
"1248_1st",247,1248,North Chagrin,Beech forest,43,15.66666667,high,2012,Year_3,290,16616,64,324,64,78,59,59,5583,1230,6813,1485834,5875,1.67,0,0,
"1249_1st",248,1249,Brecksville,Middle field (5-10 years),26,8.685990362,high,2012,Year_3,291,812,63,3,3,51,14,14,9539,0,9539,322317,4489,2.09,0,0,
"1250_1st",249,1250,Mill Stream Run,Green ash swamp,17,10.88219749,high,2012,Year_3,292,1551,67,173,67,312,227,227,5080,856,5936,480392,3066,1.81,0,0,
"1252_1st",251,1252,South Chagrin,"""MIXED"" FORESTS",57,19.78014075,high,2012,Year_3,294,9150,90,175,90,16,200,16,3375,0,3375,378367,2690,2.57,0,0,
"1254_1st",253,1254,Mill Stream Run,Mesic Floodplain Forest,54,21.62399165,high,2012,Year_3,296,1758,10,443,10,47,50,47,2775,2036,4811,264564,4052,1.42,0,0,
"1256_1st",255,1256,South Chagrin,"""MIXED"" FORESTS",23,12.99867367,high,2012,Year_3,298,10063,70,,70,48,513,48,12255,0,12255,371460,4714,2.0,0,0,
"1258_1st",257,1258,Bradley Woods,"""MIXED"" FORESTS",71,23.0,high,2012,Year_3,300,3782,24,384,24,183,232,183,20787,0,20787,2780009,12429,1.25,0,0,
"1259_1st",258,1259,Mill Stream Run,"""MIXED"" FORESTS",51,23.40085469,high,2012,Year_3,301,2554,231,333,231,305,93,93,3767,1720,5487,607803,3897,1.84,386953,3469,
"1262_1st",261,1262,Rocky River,Sycamore Woodland,63,25.46037646,high,2012,Year_3,304,7815,232,1025,232,161,25,25,7774,6303,14077,942215,11103,1.97,330361,6872,
"1263_1st",262,1263,South Chagrin,rice-cutgrass meadow,23,7.056422851,high,2012,Year_3,305,10340,92,,92,,,,6812,0,6812,175221,3247,3.41,0,0,
"1264_1st",263,1264,North Chagrin,Beech-maple forest,39,17.20618004,high,2012,Year_3,306,16615,155,,155,586,908,586,9324,2678,12002,680474,8158,1.74,201604,3928,
"1265_1st",264,1265,Brecksville,"""MIXED"" FORESTS",40,16.13264687,high,2012,Year_3,307,767,194,13,13,110,130,110,7163,0,7163,667918,5455,1.75,0,0,
"1266_1st",265,1266,Big Creek,Mesic Floodplain Forest,47,20.48590079,high,2012,Year_3,308,1928,27,,27,,,,3069,544,3613,22438,1129,2.16,0,0,
"1272_1st",271,1272,South Chagrin,"""MIXED"" FORESTS",57,22.68453736,high,2012,Year_3,314,9162,36,972,36,19,44,19,10222,0,10222,1149320,7522,1.62,0,0,
"1276_1st",275,1276,Euclid Creek,"""MIXED"" FORESTS",51,20.6535271,high,2012,Year_3,318,16484,122,866,122,835,26,26,5927,4148,10075,543735,8853,3.86,67729,2267,
"1284_1st",283,1284,North Chagrin,Beech-maple forest,51,19.17028951,high,2012,Year_3,326,16615,46,,46,219,116,116,9324,2678,12002,680474,8158,1.74,0,0,
"1287_1st",286,1287,Bedford,"""MIXED"" FORESTS",61,21.2289111,high,2012,Year_3,329,3203,12,411,12,87,170,87,6926,0,6926,650049,5995,1.91,0,0,
"1289_1st",288,1289,North Chagrin,Beech-maple forest,63,20.7513288,high,2012,Year_3,331,17124,156,260,156,583,181,181,11010,1830,12839,1917366,8952,1.68,1087039,6762,
"1292_1st",291,1292,Garfield Park,Beech-red oak forest,58,20.87103256,high,2012,Year_3,334,9263,22,,22,27,12,12,1581,356,1937,13502,497,6.95,0,0,
"1295_1st",294,1295,South Chagrin,Sugar maple forest,33,17.71428571,high,2012,Year_3,337,4298,15,158,15,812,751,751,9346,942,10288,364877,6063,2.51,0,0,
"1296_1st",295,1296,North Chagrin,"""MIXED"" FORESTS",77,24.84283934,high,2012,Year_3,338,16615,76,,76,980,1247,980,9324,2678,12002,680474,8158,1.74,201604,3928,
"1297_1st",296,1297,Brecksville,Sugar maple forest,55,19.49401618,high,2012,Year_3,339,2465,87,1206,87,298,194,194,6907,3043,9949,643893,6659,2.05,0,0,
"1298_1st",297,1298,Rocky River,Dry Oak forest and Woodland,39,15.42886904,high,2012,Year_3,340,7034,17,66,17,240,298,240,8129,3163,11291,1076909,9523,2.66,0,0,
"1299_1st",298,1299,Brecksville,"""MIXED"" FORESTS",64,22.66252775,high,2012,Year_3,341,1724,12,,12,,,,22891,4838,27728,2363180,11126,3.5,0,0,
"1306_1st",305,1306,Bradley Woods,Oak-Maple swamp,40,15.77354995,high,2013,Year_4,365,3782,58,1627,58,957,873,873,20787,0,20787,2780009,12429,1.25,0,0,
"1307_1st",306,1307,Mill Stream Run,Maple-Ash-Elm forest,37,22.79056463,high,2013,Year_4,366,2608,68,,68,1311,793,793,7776,0,7776,546835,6888,1.49,0,0,
"1316_1st",315,1316,South Chagrin,Mesic Floodplain Forest,60,26.27196636,high,2013,Year_4,375,7879,183,,183,,,,4231,2926,7157,371764,6490,1.13,56601,1398,
"1329_1st",328,1329,Brecksville,Mesic Floodplain Forest,60,26.07090922,high,2013,Year_4,388,1044,95,98,95,26,62,26,8257,749,9006,1771071,6580,1.5,0,0,
"1340_1st",339,1340,Euclis Creek,Sugar maple forest,57,19.8,high,2013,Year_4,399,16416,40,,40,14,62,14,9802,459,10262,369958,7666,3.57,0,0,
"1351_1st",350,1351,Bedford,"""MIXED"" FORESTS",26,14.38749457,high,2013,Year_4,410,2936,74,48,48,235,264,235,8175,241,8416,958260,4891,6.12,0,0,
"1366_1st",365,1366,Mill Stream Run,Mesic Floodplain Forest,33,14.71134694,high,2013,Year_4,425,5764,12,,12,,,,1163,0,1163,4932,548,2.51,0,0,
"1371_1st",370,1371,Mill Stream Run,"""MIXED"" FORESTS",44,19.62311562,high,2013,Year_4,430,1587,2,1,1,,,,1736,0,1736,66121,1531,3.5,0,0,
"1373_1st",372,1373,Hinckley,Maple-Ash-Elm forest,23,10.5,high,2013,Year_4,432,517,321,,321,,,,11862,5584,17446,1444312,11430,1.1,567582,5342,
"1376_1st",375,1376,West Creek,Dry-Mesic Oak Forest and Woodland,54,20.41241452,high,2010,Year_1,101,2876,193,251,193,37,9,9,13199,3831,17030,575243,9068,1.26,173008,2273,
"1379_1st",378,1379,South Chagrin,Old field (>10 years),37,11.92569588,high,2013,Year_4,437,2941,131,125,125,37,52,37,7217,0,7217,248816,3625,3.48,10434,488,
"1385_1st",384,1385,Hinckley,Sedge seep (e.g. Carex bromoides),33,18.35034861,high,2013,Year_4,443,517,114,,114,,,,11862,5584,17446,1444312,11430,1.1,567582,5342,
"1386_1st",385,1386,Bradley Woods,"""MIXED"" FORESTS",34,16.61425091,high,2013,Year_4,444,3782,353,813,353,200,178,178,20787,0,20787,2780009,12429,1.25,1484354,10226,
"1390_1st",389,1390,Rocky River,Planted-White and Red Pine,54,19.30204563,high,2013,Year_4,447,3773,343,374,343,19,75,19,8888,701,9589,729481,4698,1.56,368611,2737,
"3364_1st",401,3364,South Chagrin,Beech-maple forest,17,14.53444185,high,2010,Year_1,104,10340,24,,24,,,,6812,0,6812,175221,3247,3.41,0,0,
"3369_1st",405,3369,North Chagrin,Beech-maple forest,60,20.5,high,2010,Year_1,108,16616,358,325,325,29,75,29,5583,1230,6813,1485834,5875,1.67,1026858,4909,
"3374_1st",408,3374,Brecksville,Beech-maple forest,60,25.17619727,high,2011,Year_2,225,826,14,,14,,,,9193,0,9193,110817,3962,1.27,0,0,
"3386_1st",416,3386,Hinckley,Sugar maple forest,32,17.26966645,high,2010,Year_1,115,664,119,137,119,208,135,135,12373,3242,15615,2008135,8465,1.7,1218361,7697,
"3387_1st",417,3387,Mill Stream Run,Maple-Ash-Elm forest,32,16.54690303,high,2011,Year_2,228,2032,45,313,45,155,119,119,3995,2392,6388,385155,4826,1.98,0,0,
"3395_1st",422,3395,Mill Stream Run,"""MIXED"" FORESTS",37,18.14285714,high,2012,Year_3,353,1551,168,122,122,207,44,44,5080,856,5936,480392,3066,1.81,120301,2576,
"3397_1st",424,3397,Mill Stream Run,"""MIXED"" FORESTS",53,20.630883,high,2013,Year_4,458,828,606,549,549,251,48,48,12861,2764,15624,3645170,10878,1.22,2528157,11042,
"3441_1st",451,3441,North Chagrin,successional sedge meadow,40,7.890453679,high,2012,Year_3,465,17067,18,652,18,5,32,5,5155,0,5155,562002,4101,2.21,0,0,
"3444_1st",453,3444,Bedford,Sycamore Woodland,74,26.96146574,high,2012,Year_3,356,3386,231,711,231,25,111,25,10139,8695,18834,1945098,13162,1.78,1238095,9912,
"3455_1st",457,3455,Rocky River,"""MIXED"" FORESTS",43,17.39815083,high,2012,Year_3,345,10874,34,25,25,37,44,37,2533,1049,3583,145347,1823,5.24,0,0,
"3479_1st",463,3479,Rocky River,Mesic Floodplain Forest,40,18.9151064,high,2012,Year_3,355,7815,113,2069,113,26,5,5,7774,6303,14077,942215,11103,1.97,330361,6872,
"3483_1st",464,3483,Rocky River,Mesic Floodplain Forest,37,15.55083829,high,2013,Year_4,472,7202,27,13,13,,,,2443,0,2443,21033,650,6.91,0,0,
"3500_1st",468,3500,Big Creek,"""MIXED"" FORESTS",46,17.09749468,high,2013,Year_4,475,3648,11,176,11,,,,4098,653,4751,66579,3621,3.25,0,0,
"3511_1st",469,3511,Rocky River,Mixed swamp forest,43,15.1217283,high,2013,Year_4,476,7973,128,85,85,88,155,88,8867,6281,15148,659950,9479,2.05,0,0,
"3668_1st",472,3668,West Creek,Mesic Floodplain Forest,55,21.37908364,high,2010,Year_1,122,2875,69,,69,698,2,2,11387,3831,15218,536239,9971,1.61,0,0,
"1005_1st",5,1005,Hinckley,"""MIXED"" FORESTS",67,31.38078785,low,2010,Year_1,5,539,204,,204,,,,16061,3289,19350,798728,9220,1.12,318239,5394,
"1074_1st",74,1074,Rocky River,Sugar maple forest,24,11.78376607,low,2010,Year_1,74,3733,6,,6,,,,3830,1938,5768,165914,4350,2.53,0,0,
"1110_1st",109,1110,Rocky River,Mesic Floodplain Forest,44,16.66987149,low,2011,Year_2,134,4847,49,,49,41,182,41,2521,2745,5266,185019,5220,2.18,0,0,
"1116_1st",115,1116,Ohio and Erie Canal,Grapevine Tangle,10,10.66666667,low,2011,Year_2,140,7524,72,,72,,,,3057,3620,6677,254114,4155,5.13,0,0,
"1117_1st",116,1117,Hinckley,Beech-maple forest,63,28.34206639,low,2011,Year_2,141,664,483,455,455,213,115,115,12373,3242,15615,2008135,8465,1.7,1218361,7697,
"1133_1st",132,1133,Hinckley,Young field (<5 years),0,4.901894677,low,2011,Year_2,157,318,191,89,89,10,115,10,23105,0,23105,4185661,12531,1.38,0,0,
"1148_1st",147,1148,Euclid Creek,Mesic Floodplain Forest,40,15.2027958,low,2011,Year_2,171,16417,26,290,26,292,38,38,3790,3160,6950,79951,6386,4.27,0,0,
"1168_1st",167,1168,North Chagrin,Sycamore Woodland,40,16.43656638,low,2011,Year_2,191,15716,116,,116,,,,5959,1066,7024,216369,3431,2.19,45533,1024,
"1194_1st",193,1194,Hinckley,Grapevine Tangle,40,17.70569189,low,2011,Year_2,217,318,158,153,153,19,83,19,23105,0,23105,4185661,12531,1.38,2877403,9218,
"1195_1st",194,1195,Huntington,Mesic Floodplain Forest,53,17.66501151,low,2011,Year_2,218,11374,22,131,22,115,91,91,1660,511,2171,24995,853,5.08,0,0,
"1200_1st",199,1200,Brookside,Beech-red oak forest,50,19.42139223,low,2011,Year_2,223,6982,100,27,27,,,,4045,249,4295,322064,2388,5.74,0,0,
"1213_1st",212,1213,Hinckley,Young field (<5 years),0,3.530090432,low,2012,Year_3,255,672,22,,22,,,,7610,1898,9508,480020,4295,1.51,0,0,
"1235_1st",234,1235,Brecksville,"other wet meadow (bur reed, wool grass, rice-cutgrass)",60,19.04380914,low,2012,Year_3,277,2082,47,,47,,,,2406,1016,3422,69316,1549,1.0,0,0,
"1238_1st",237,1238,Rocky River,"""MIXED"" FORESTS",54,18.03122292,low,2012,Year_3,280,4135,23,,23,88,53,53,7129,2767,9896,347694,6673,1.41,0,0,
"1245_1st",244,1245,Hinckley,Young field (<5 years),10,7.888426505,low,2012,Year_3,287,318,256,258,256,373,137,137,23105,0,23105,4185661,12531,1.38,2877403,9218,
"1301_1st",300,1301,Brecksville,"""MIXED"" FORESTS",71,32.00096152,low,2013,Year_4,360,758,307,679,307,4,45,4,9445,9766,19211,2708700,9043,1.31,1937830,9532,
"1308_1st",307,1308,Ohio and Erie Canal,Cottonwood Forest,10,11.81506431,low,2013,Year_4,367,7524,39,,39,,,,3057,3620,6677,254114,4155,5.13,0,0,
"1310_1st",309,1310,Rocky River,Mesic Floodplain Forest,50,24.72393026,low,2013,Year_4,369,3772,115,804,115,806,738,738,5546,3266,8812,319384,5227,1.53,43946,1194,
"1333_1st",332,1333,Brecksville,Young field (<5 years),6,7.496340571,low,2013,Year_4,392,1209,26,,26,,,,8652,2481,11133,591040,5631,1.22,294987,3581,
"1336_1st",335,1336,South Chagrin,Mesic Floodplain Forest,33,15.98487188,low,2013,Year_4,395,6908,246,374,246,102,19,19,11301,3296,14597,601646,6614,3.54,166311,2568,
"1352_1st",351,1352,South Chagrin,Beech-maple forest,56,22.76839915,low,2013,Year_4,411,9150,60,72,60,5,21,5,3375,0,3375,378367,2690,2.57,0,0,
"1362_1st",361,1362,Rocky River,"""MIXED"" FORESTS",16,12.56127837,low,2013,Year_4,421,6700,9,552,9,,,,8593,0,8593,448013,7779,2.62,0,0,
"1365_1st",364,1365,Brecksville,Crataegus Shrub Thicket,46,17.56986056,low,2013,Year_4,424,836,219,,219,,,,11366,6687,18053,1996689,8598,1.15,1442707,5815,
"3370_1st",406,3370,Hinckley,Beech-maple forest,66,32.84840246,low,2010,Year_1,109,318,118,120,118,120,138,120,23105,0,23105,4185661,12531,1.38,2877403,9218,
"3377_1st",410,3377,South Chagrin,Sycamore Woodland,44,16.653328,low,2010,Year_1,111,10775,27,,27,,,,1921,0,1921,45286,1921,3.57,0,0,
"3409_1st",431,3409,North Chagrin,Planted-Austrian Pine,40,18.89822365,low,2010,Year_1,118,17145,97,231,97,,,,3918,0,3918,212784,2597,2.04,0,0,
"3413_1st",435,3413,North Chagrin,Hemlock-hardwood forest,33,18.58245657,low,2011,Year_2,237,16615,194,,194,296,1318,296,9324,2678,12002,680474,8158,1.74,201604,3928,
"3452_1st",455,3452,Garfield Park,Atypical Upland Forest,30,12.07019698,low,2012,Year_3,348,8832,14,,14,,,,474,0,474,2274,259,7.47,0,0,
"3453_1st",456,3453,South Chagrin,Red maple thickets and woodlands,12,13.53201332,low,2013,Year_4,468,9095,41,60,41,52,331,52,7549,1532,9081,743253,5532,2.5,0,0,
"3461_1st",460,3461,North Chagrin,Grapevine Tangle,27,12.75197644,low,2013,Year_4,470,16550,50,,50,371,37,37,4138,1471,5608,318086,3286,1.68,0,0,
"1002_1st",2,1002,Hinckley,Old Clearcut (>25 years),44,18.734994,medium high,2010,Year_1,2,318,175,154,154,14,11,11,23105,0,23105,4185661,12531,1.38,2877403,9218,
"1003_1st",3,1003,Mill Stream Run,Beech-maple forest,63,25.93067681,medium high,2010,Year_1,3,1865,119,358,119,,,,4217,0,4217,380278,3205,1.47,116576,1500,
"1004_1st",4,1004,Bedford,Mesic Floodplain Forest,63,20.17822376,medium high,2010,Year_1,4,3386,290,959,290,54,67,54,10139,8695,18834,1945098,13162,1.78,1238095,9912,
"1012_1st",12,1012,North Chagrin,Sugar maple forest,57,28.14285714,medium high,2010,Year_1,12,16616,70,762,70,174,87,87,5583,1230,6813,1485834,5875,1.67,0,0,
"1033_1st",33,1033,North Chagrin,Beech-maple forest,66,30.66792688,medium high,2010,Year_1,33,17124,95,16,16,28,12,12,11010,1830,12839,1917366,8952,1.68,0,0,
"1034_1st",34,1034,Hinckley,"""MIXED"" FORESTS",60,30.80750351,medium high,2010,Year_1,34,664,360,1009,360,693,466,466,12373,3242,15615,2008135,8465,1.7,1218361,7697,
"1040_1st",40,1040,North Chagrin,Maple-Ash-Elm forest,22,16.08589747,medium high,2010,Year_1,40,17067,155,182,155,198,355,198,5155,0,5155,562002,4101,2.21,186041,3041,
"1041_1st",41,1041,Brecksville,Sugar maple forest,73,28.30692585,medium high,2010,Year_1,41,758,146,140,140,41,64,41,9445,9766,19211,2708700,9043,1.31,1937830,9532,
"1048_1st",48,1048,South Chagrin,Beech-maple forest,41,21.60246899,medium high,2010,Year_1,48,10252,90,235,90,64,66,64,2490,1532,4022,123959,2274,1.98,0,0,
"1050_1st",50,1050,Bradley Woods,"""MIXED"" FORESTS",58,21.74353352,medium high,2010,Year_1,50,3782,103,420,103,166,187,166,20787,0,20787,2780009,12429,1.25,1484354,10226,
"1055_1st",55,1055,South Chagrin,Planted-Austrian Pine,9,12.33925212,medium high,2010,Year_1,55,10090,6,,6,,,,5613,36,5649,15739,891,7.29,0,0,
"1057_1st",57,1057,Brecksville,Beech-maple forest,46,21.63594892,medium high,2010,Year_1,57,1044,141,556,141,13,102,13,8257,749,9006,1771071,6580,1.5,867314,4697,
"1060_1st",60,1060,South Chagrin,Beech-maple forest,67,27.64275585,medium high,2010,Year_1,60,9162,215,234,215,34,157,34,10222,0,10222,1149320,7522,1.62,482052,4999,
"1065_1st",65,1065,North Chagrin,Green ash swamp,33,15.80895559,medium high,2010,Year_1,65,17072,49,38,38,84,121,84,3845,1830,5674,584325,4305,1.46,0,0,
"1068_1st",68,1068,Bedford,"""MIXED"" FORESTS",66,32.15164959,medium high,2010,Year_1,68,3072,290,196,196,40,5,5,6617,4929,11546,965735,8324,1.24,458541,4240,
"1070_1st",70,1070,Bradley Woods,"""MIXED"" FORESTS",64,25.21096175,medium high,2010,Year_1,70,9822,206,,206,504,330,330,9409,0,9409,929300,6451,1.4,415982,3069,
"1071_1st",71,1071,Mill Stream Run,Mesic Floodplain Forest,47,18.0,medium high,2010,Year_1,71,1154,79,,79,49,374,49,3086,0,3086,126174,2257,1.89,0,0,
"1073_1st",73,1073,Hinckley,Blackberry and Dogwood thicket,40,15.87657311,medium high,2010,Year_1,73,664,107,34,34,553,334,334,12373,3242,15615,2008135,8465,1.7,0,0,
"1075_1st",75,1075,South Chagrin,"""MIXED"" FORESTS",36,16.16930514,medium high,2010,Year_1,75,4573,54,165,54,,,,4476,889,5365,200486,3466,3.25,0,0,
"1098_1st",97,1098,Hinckley,"""MIXED"" FORESTS",57,29.22147732,medium high,2010,Year_1,97,335,11,351,11,211,440,211,12459,4223,16682,1813467,11535,1.38,0,0,
"1099_1st",98,1099,Mill Stream Run,"""MIXED"" FORESTS",50,18.0124478,medium high,2010,Year_1,98,2609,15,434,15,,,,9412,3612,13024,435527,6759,3.4,0,0,
"1102_1st",101,1102,Rocky River,"""MIXED"" FORESTS",50,20.22325394,medium high,2011,Year_2,126,12103,84,37,37,35,8,8,4472,1068,5540,280992,3177,2.86,0,0,
"1105_1st",104,1105,Brecksville,Dry Oak forest and Woodland,63,28.23088306,medium high,2011,Year_2,129,758,298,236,236,183,260,183,9445,9766,19211,2708700,9043,1.31,1937830,9532,
"1108_1st",107,1108,South Chagrin,Mixed emergent marsh,53,18.1422947,medium high,2011,Year_2,132,6908,131,130,130,101,91,91,11301,3296,14597,601646,6614,3.54,38432,1027,
"1112_1st",111,1112,South Chagrin,Mesic Floodplain Forest,57,21.72233066,medium high,2011,Year_2,136,9150,86,77,77,26,108,26,3375,0,3375,378367,2690,2.57,0,0,
"1122_1st",121,1122,Big Creek,"""MIXED"" FORESTS",37,19.3747258,medium high,2011,Year_2,146,2205,63,,63,,,,2193,492,2684,30229,964,2.12,0,0,
"1131_1st",130,1131,Mill Stream Run,"""MIXED"" FORESTS",40,17.45536179,medium high,2011,Year_2,155,1542,25,401,25,,,,7120,1906,9026,399071,4931,1.8,0,0,
"1143_1st",142,1143,Bedford,"""MIXED"" FORESTS",57,26.30437226,medium high,2011,Year_2,166,3386,327,464,327,240,4,4,10139,8695,18834,1945098,13162,1.78,1238095,9912,
"1144_1st",143,1144,South Chagrin,Beech-maple forest,77,30.89596424,medium high,2011,Year_2,167,6942,117,,117,107,67,67,9157,2161,11318,581089,6476,1.71,191617,3145,
"1145_1st",144,1145,North Chagrin,Beech-maple forest,66,26.2446682,medium high,2011,Year_2,168,17124,229,212,212,359,25,25,11010,1830,12839,1917366,8952,1.68,1087039,6762,
"1147_1st",146,1147,Mill Stream Run,Beech-red oak forest,61,20.65460973,medium high,2011,Year_2,170,828,562,452,452,98,101,98,12861,2764,15624,3645170,10878,1.22,2528157,11042,
"1164_1st",163,1164,Garfield Park,Mesic Floodplain Forest,33,13.12784923,medium high,2011,Year_2,187,7676,88,143,88,14,30,14,3537,1676,5214,299826,3746,6.4,0,0,
"1187_1st",186,1187,Bedford,Planted-White Pine,43,19.5025082,medium high,2011,Year_2,210,5783,36,,36,,,,3295,0,3295,97961,1530,2.45,0,0,
"1198_1st",197,1198,Bradley Woods,Pin oak flats,23,15.54310893,medium high,2011,Year_2,221,8241,12,,12,,,,1570,0,1570,37081,1369,2.25,0,0,
"1199_1st",198,1199,Mill Stream Run,Mesic Floodplain Forest,59,28.0,medium high,2011,Year_2,222,828,338,962,338,79,74,74,12861,2764,15624,3645170,10878,1.22,2528157,11042,
"1211_1st",210,1211,Mill Stream Run,Red maple thickets and woodlands,19,15.6,medium high,2012,Year_3,253,2609,70,56,56,,,,9412,3612,13024,435527,6759,3.4,0,0,
"1215_1st",214,1215,Mill Stream Run,"""MIXED"" FORESTS",54,20.0,medium high,2012,Year_3,257,828,655,615,615,269,164,164,12861,2764,15624,3645170,10878,1.22,2528157,11042,
"1226_1st",225,1226,Bradley Woods,Maple-Ash swamp,37,14.5999279,medium high,2012,Year_3,268,3782,221,1030,221,427,227,227,20787,0,20787,2780009,12429,1.25,1484354,10226,
"1246_1st",245,1246,Rocky River,Mesic Floodplain Forest,33,12.00438516,medium high,2012,Year_3,288,9943,50,20,20,103,93,93,8624,0,8624,451709,7202,1.9,0,0,
"1253_1st",252,1253,Hinckley,"""MIXED"" FORESTS",50,18.57486584,medium high,2012,Year_3,295,318,154,278,154,365,127,127,23105,0,23105,4185661,12531,1.38,2877403,9218,
"1257_1st",256,1257,North Chagrin,"""MIXED"" FORESTS",33,18.70828693,medium high,2012,Year_3,299,17124,175,435,175,554,294,294,11010,1830,12839,1917366,8952,1.68,1087039,6762,
"1279_1st",278,1279,Mill Stream Run,Mesic Floodplain Forest,37,20.05210604,medium high,2012,Year_3,321,794,113,,113,448,224,224,4699,6400,11100,699298,7542,1.25,398418,4957,
"1282_1st",281,1282,Rocky River,"""MIXED"" FORESTS",19,15.55634919,medium high,2012,Year_3,324,7034,12,27,12,111,220,111,8129,3163,11291,1076909,9523,2.66,0,0,
"1288_1st",287,1288,South Chagrin,Planted-Austrian Pine,39,15.89928407,medium high,2012,Year_3,330,9095,42,585,42,21,48,21,7549,1532,9081,743253,5532,2.5,0,0,
"1293_1st",292,1293,Hinckley,"""MIXED"" FORESTS",60,20.97678815,medium high,2012,Year_3,335,700,17,175,17,64,102,64,2872,1955,4827,467089,4305,1.77,0,0,
"1314_1st",313,1314,Mill Stream Run,"""MIXED"" FORESTS",71,26.17550654,medium high,2013,Year_4,373,1551,72,225,72,329,45,45,5080,856,5936,480392,3066,1.81,0,0,
"1341_1st",340,1341,Hinckley,Mesic Floodplain Forest,53,24.99962264,medium high,2013,Year_4,400,672,88,,88,,,,7610,1898,9508,480020,4295,1.51,234999,2641,
"1348_1st",347,1348,North Chagrin,Grapevine Tangle,50,18.516402,medium high,2013,Year_4,407,16550,94,,94,517,30,30,4138,1471,5608,318086,3286,1.68,0,0,
"1349_1st",348,1349,Brecksville,"""MIXED"" FORESTS",46,19.62990915,medium high,2013,Year_4,408,758,283,570,283,398,499,398,9445,9766,19211,2708700,9043,1.31,1937830,9532,
"1360_1st",359,1360,North Chagrin,Young field (<5 years),13,7.955558377,medium high,2013,Year_4,419,17253,8,572,8,614,272,272,5624,0,5624,258780,4242,2.37,0,0,
"1368_1st",367,1368,South Chagrin,"""MIXED"" FORESTS",63,26.78530997,medium high,2013,Year_4,427,9095,233,217,217,42,56,42,7549,1532,9081,743253,5532,2.5,335540,2607,
"1374_1st",373,1374,Bradley Woods,Mixed swamp forest,59,21.17860556,medium high,2013,Year_4,433,9822,130,,130,654,292,292,9409,0,9409,929300,6451,1.4,415982,3069,
"1377_1st",376,1377,Brecksville,"""MIXED"" FORESTS",61,19.90612891,medium high,2013,Year_4,435,871,274,8,8,643,621,621,7742,0,7742,1167757,4704,3.82,0,0,
"1381_1st",380,1381,Brecksville,"""MIXED"" FORESTS",55,20.3729925,medium high,2013,Year_4,439,836,129,,129,,,,11366,6687,18053,1996689,8598,1.15,1442707,5815,
"1387_1st",386,1387,Mill Stream Run,"""MIXED"" FORESTS",29,18.0838886,medium high,2013,Year_4,445,851,56,629,56,,,,4388,444,4832,241171,3505,2.36,0,0,
"1394_1st",393,1394,Mill Stream Run,Beech-maple forest,55,22.8535032,medium high,2013,Year_4,451,1612,32,174,32,20,41,20,2532,248,2780,204947,2309,2.23,0,0,
"1396_1st",395,1396,South Chagrin,Planted-Norway Spruce,57,17.44133022,medium high,2013,Year_4,453,6908,46,354,46,30,68,30,11301,3296,14597,601646,6614,3.54,0,0,
"1400_1st",399,1400,South Chagrin,"""MIXED"" FORESTS",28,15.51343504,medium high,2013,Year_4,457,9095,36,144,36,2,37,2,7549,1532,9081,743253,5532,2.5,0,0,
"3362_1st",400,3362,Brecksville,"""MIXED"" FORESTS",59,30.46424421,medium high,2010,Year_1,103,758,392,834,392,17,80,17,9445,9766,19211,2708700,9043,1.31,1937830,9532,
"3365_1st",402,3365,Mill Stream Run,Beech-maple forest,71,27.62029964,medium high,2010,Year_1,105,828,178,463,178,13,23,13,12861,2764,15624,3645170,10878,1.22,2528157,11042,
"3368_1st",404,3368,Bedford,Maple-Ash-Elm forest,50,21.50107663,medium high,2010,Year_1,107,2151,60,,60,,,,4937,1106,6043,283493,2922,1.39,0,0,
"3378_1st",411,3378,Brecksville,Mesic Floodplain Forest,43,25.48932879,medium high,2011,Year_2,226,2640,14,,14,,,,1280,0,1280,19849,787,1.23,0,0,
"3385_1st",415,3385,North Chagrin,Hemlock-hardwood forest,46,17.06210376,medium high,2010,Year_1,114,17124,46,1153,46,5,9,5,11010,1830,12839,1917366,8952,1.68,0,0,
"3389_1st",418,3389,South Chagrin,Cottonwood Forest,58,24.49609813,medium high,2010,Year_1,116,6908,256,341,256,157,22,22,11301,3296,14597,601646,6614,3.54,166311,2568,
"3392_1st",420,3392,Mill Stream Run,"""MIXED"" FORESTS",51,19.30434911,medium high,2012,Year_3,350,2608,179,,179,549,20,20,7776,0,7776,546835,6888,1.49,64542,1104,
"3398_1st",425,3398,Brecksville,"""MIXED"" FORESTS",57,22.27405067,medium high,2012,Year_3,357,2451,77,245,77,19,33,19,3895,2450,6345,305615,3687,1.27,0,0,
"3402_1st",428,3402,Hinckley,lake sedge meadow,65,20.65653184,medium high,2011,Year_2,233,517,251,,251,,,,11862,5584,17446,1444312,11430,1.1,567582,5342,
"3414_1st",436,3414,Hinckley,Middle field (5-10 years),23,11.67434463,medium high,2012,Year_3,358,672,136,,136,,,,7610,1898,9508,480020,4295,1.51,234999,2641,
"3415_1st",437,3415,Rocky River,Mesic Floodplain Forest,53,23.19766322,medium high,2011,Year_2,238,7815,198,1205,198,127,68,68,7774,6303,14077,942215,11103,1.97,330361,6872,
"3417_1st",438,3417,South Chagrin,"""MIXED"" FORESTS",71,29.43222407,medium high,2011,Year_2,239,9162,109,64,64,5,10,5,10222,0,10222,1149320,7522,1.62,0,0,
"3418_1st",439,3418,Hinckley,Sugar maple forest,35,16.53405576,medium high,2013,Year_4,460,318,535,421,421,10,143,10,23105,0,23105,4185661,12531,1.38,2877403,9218,
"3433_1st",447,3433,North Chagrin,"""MIXED"" FORESTS",63,25.3065417,medium high,2012,Year_3,347,17072,21,268,21,11,162,11,3845,1830,5674,584325,4305,1.46,0,0,
"3443_1st",452,3443,Huntington,"""MIXED"" FORESTS",55,22.10786231,medium high,2013,Year_4,466,11386,7,113,7,16,32,16,2115,0,2115,81774,1584,4.33,0,0,
"3463_1st",461,3463,Rocky River,"""MIXED"" FORESTS",46,16.22214211,medium high,2012,Year_3,346,6695,72,0,0,425,59,59,3838,3163,7000,757565,6420,5.15,0,0,
"3465_1st",462,3465,South Chagrin,Planted-Norway Spruce,47,20.0,medium high,2013,Year_4,471,6908,128,113,113,138,61,61,11301,3296,14597,601646,6614,3.54,38432,1027,
"3495_1st",466,3495,Rocky River,Mesic Floodplain Forest,43,15.7389417,medium high,2013,Year_4,473,3773,71,129,71,44,83,44,8888,701,9589,729481,4698,1.56,0,0,
"3652_1st",471,3652,Ohio and Erie Canal,other wet meadow (specify dominants),39,12.36196513,medium high,2012,Year_3,354,6513,104,180,104,,,,8999,1434,10432,372418,7761,6.34,61721,1361,
"1009_1st",9,1009,Hinckley,Mesic Floodplain Forest,47,22.40448134,medium low,2010,Year_1,9,703,24,200,24,,,,3056,0,3056,109209,1524,1.33,0,0,
"1011_1st",11,1011,Bedford,Old Field (>10 years),30,10.78253949,medium low,2010,Year_1,11,3409,45,,45,26,233,26,9049,0,9049,528551,7985,2.68,0,0,
"1043_1st",43,1043,Brecksville,Sycamore Woodland,43,17.55064101,medium low,2010,Year_1,43,1948,167,,167,,,,1404,1760,3164,96791,1605,1.0,67920,1132,
"1115_1st",114,1115,Mill Stream Run,"""MIXED"" FORESTS",43,18.55778285,medium low,2011,Year_2,139,2554,219,273,219,299,200,200,3767,1720,5487,607803,3897,1.84,386953,3469,
"1132_1st",131,1132,Bedford,"""MIXED"" FORESTS",77,26.67222164,medium low,2011,Year_2,156,3386,54,325,54,285,44,44,10139,8695,18834,1945098,13162,1.78,0,0,
"1140_1st",139,1140,North Chagrin,Beech-maple forest,47,22.98819573,medium low,2011,Year_2,163,16616,253,604,253,262,255,255,5583,1230,6813,1485834,5875,1.67,1026858,4909,
"1154_1st",153,1154,Rocky River,"""MIXED"" FORESTS",61,21.9120499,medium low,2011,Year_2,177,7973,88,436,88,144,482,144,8867,6281,15148,659950,9479,2.05,0,0,
"1156_1st",155,1156,North Chagrin,Cottonwood Forest,13,12.67105187,medium low,2011,Year_2,179,16339,110,,110,,,,2577,1009,3587,61395,1537,2.23,16202,522,
"1166_1st",165,1166,Rocky River,Cottonwood Forest,46,21.01903899,medium low,2011,Year_2,189,3772,51,1012,51,1014,943,943,5546,3266,8812,319384,5227,1.53,0,0,
"1173_1st",172,1173,Brecksville,Mesic Floodplain Forest,47,17.66501151,medium low,2011,Year_2,196,2438,44,33,33,192,158,158,873,610,1482,45940,1342,3.12,0,0,
"1174_1st",173,1174,Rocky River,"""MIXED"" FORESTS",49,16.58312395,medium low,2011,Year_2,197,4664,57,55,55,77,38,38,10191,1773,11964,474886,9383,2.17,0,0,
"1189_1st",188,1189,Brecksville,Mesic Floodplain Forest,70,33.81126787,medium low,2011,Year_2,212,758,285,945,285,24,36,24,9445,9766,19211,2708700,9043,1.31,1937830,9532,
"1197_1st",196,1197,Hinckley,Beech-maple forest,66,33.67491648,medium low,2011,Year_2,220,318,481,580,481,19,1,1,23105,0,23105,4185661,12531,1.38,2877403,9218,
"1205_1st",204,1205,Brecksville,Young field (<5 years),19,8.166666667,medium low,2012,Year_3,247,836,216,,216,,,,11366,6687,18053,1996689,8598,1.15,1442707,5815,
"1208_1st",207,1208,South Chagrin,Atypical Successional: Upland Forests,47,14.00698583,medium low,2012,Year_3,250,6942,18,,18,257,243,243,9157,2161,11318,581089,6476,1.71,0,0,
"1209_1st",208,1209,North Chagrin,"""MIXED"" FORESTS",63,26.1997819,medium low,2012,Year_3,251,17124,69,373,69,27,24,24,11010,1830,12839,1917366,8952,1.68,0,0,
"1217_1st",216,1217,Brecksville,Planted-Austrian Pine,18,15.10094241,medium low,2012,Year_3,259,767,90,237,90,104,144,104,7163,0,7163,667918,5455,1.75,0,0,
"1221_1st",220,1221,Brecksville,"""MIXED"" FORESTS",71,22.36067977,medium low,2012,Year_3,263,836,104,,104,,,,11366,6687,18053,1996689,8598,1.15,1442707,5815,
"1222_1st",221,1222,Rocky River,"""MIXED"" FORESTS",64,23.67664109,medium low,2012,Year_3,264,4135,51,,51,342,297,297,7129,2767,9896,347694,6673,1.41,0,0,
"1224_1st",223,1224,South Chagrin,"""MIXED"" FORESTS",57,24.82424708,medium low,2012,Year_3,266,9150,21,216,21,39,54,39,3375,0,3375,378367,2690,2.57,0,0,
"1233_1st",232,1233,Brecksville,Grapevine Tangle,60,20.78931582,medium low,2012,Year_3,275,1044,41,249,41,82,100,82,8257,749,9006,1771071,6580,1.5,0,0,
"1242_1st",241,1242,Bradley Woods,Sugar maple forest,46,15.42886904,medium low,2012,Year_3,284,9822,40,,40,527,82,82,9409,0,9409,929300,6451,1.4,0,0,
"1255_1st",254,1255,Bedford,Streams and Rivers,0,4.082482905,medium low,2012,Year_3,297,3139,230,1360,230,215,87,87,3994,4341,8335,633034,7488,1.38,326915,4629,
"1277_1st",276,1277,Hinckley,Atypical Successional: Upland Shrub thicket,26,12.80722452,medium low,2012,Year_3,319,318,70,283,70,245,26,26,23105,0,23105,4185661,12531,1.38,0,0,
"1291_1st",290,1291,Mill Stream Run,Planted-Red Pine,29,16.12761607,medium low,2012,Year_3,333,2608,128,,128,525,43,43,7776,0,7776,546835,6888,1.49,64542,1104,
"1302_1st",301,1302,Rocky River,"""MIXED"" FORESTS",66,28.87480538,medium low,2013,Year_4,361,3321,59,193,59,318,1,1,3581,1629,5210,103864,2899,1.65,0,0,
"1304_1st",303,1304,South Chagrin,"""MIXED"" FORESTS",74,31.05566849,medium low,2013,Year_4,363,9162,157,188,157,4,76,4,10222,0,10222,1149320,7522,1.62,482052,4999,
"1309_1st",308,1309,Hinckley,"""MIXED"" FORESTS",44,21.16926855,medium low,2013,Year_4,368,700,120,393,120,55,62,55,2872,1955,4827,467089,4305,1.77,60691,2450,
"1312_1st",311,1312,North Chagrin,Beech-maple forest,43,18.59032006,medium low,2013,Year_4,371,17072,224,746,224,33,131,33,3845,1830,5674,584325,4305,1.46,373019,3297,
"1321_1st",320,1321,North Chagrin,Red maple thickets and woodlands,22,15.5188058,medium low,2013,Year_4,380,17145,30,144,30,,,,3918,0,3918,212784,2597,2.04,0,0,
"1327_1st",326,1327,Mill Stream Run,"""MIXED"" FORESTS",58,16.3101451,medium low,2013,Year_4,386,946,88,,88,,,,3150,5821,8972,256655,3298,1.01,198197,2774,
"1328_1st",327,1328,Brookside,Beech-red oak forest,61,24.52429768,medium low,2013,Year_4,387,8822,37,,37,,,,4169,0,4169,159366,3458,3.55,0,0,
"1339_1st",338,1339,Mill Stream Run,Mesic Floodplain Forest,47,18.67590623,medium low,2013,Year_4,398,1545,240,448,240,343,10,10,5080,3036,8117,592179,5529,2.44,237553,3768,
"1343_1st",342,1343,Mill Stream Run,Red maple thickets and woodlands,38,16.79378605,medium low,2013,Year_4,402,828,538,586,538,207,51,51,12861,2764,15624,3645170,10878,1.22,2528157,11042,
"1350_1st",349,1350,Rocky River,Mesic Floodplain Forest,64,26.65520587,medium low,2013,Year_4,409,4847,34,,34,6,120,6,2521,2745,5266,185019,5220,2.18,0,0,
"1353_1st",352,1353,North Chagrin,"""MIXED"" FORESTS",60,27.70217061,medium low,2013,Year_4,412,17124,41,210,41,86,131,86,11010,1830,12839,1917366,8952,1.68,0,0,
"1358_1st",357,1358,Rocky River,Mesic Floodplain Forest,61,19.1674543,medium low,2013,Year_4,417,7285,33,35,33,82,71,71,1465,1284,2749,128174,2379,1.41,0,0,
"1367_1st",366,1367,Bedford,Red maple thickets and woodlands,19,14.94485989,medium low,2013,Year_4,426,3347,35,,35,584,773,584,8869,241,9110,767481,6503,1.63,0,0,
"1375_1st",374,1375,Mill Stream Run,Sugar maple forest,47,24.00877033,medium low,2013,Year_4,434,828,313,1089,313,16,41,16,12861,2764,15624,3645170,10878,1.22,2528157,11042,
"1383_1st",382,1383,Bedford,Mesic Floodplain Forest,71,23.96437229,medium low,2013,Year_4,441,3386,202,82,82,108,7,7,10139,8695,18834,1945098,13162,1.78,0,0,
"1384_1st",383,1384,South Chagrin,Mesic Floodplain Forest,22,11.31959952,medium low,2013,Year_4,442,6942,30,,30,39,46,39,9157,2161,11318,581089,6476,1.71,0,0,
"1399_1st",398,1399,Bedford,Mesic Floodplain Forest,60,26.5,medium low,2013,Year_4,456,3072,539,479,479,511,25,25,6617,4929,11546,965735,8324,1.24,458541,4240,
"3372_1st",407,3372,Brookside,Beech-red oak forest,61,20.97702825,medium low,2011,Year_2,224,8822,48,,48,,,,4169,0,4169,159366,3458,3.55,0,0,
"3390_1st",419,3390,Hinckley,Buckthorn shrub thicket,20,13.14768187,medium low,2011,Year_2,229,335,101,796,101,378,388,378,12459,4223,16682,1813467,11535,1.38,1140957,7831,
"3405_1st",429,3405,South Chagrin,Passive pasture,9,10.64693115,medium low,2011,Year_2,234,9162,106,1086,106,211,326,211,10222,0,10222,1149320,7522,1.62,482052,4999,
"3411_1st",433,3411,Rocky River,Mesic Floodplain Forest,61,21.83011329,medium low,2011,Year_2,236,4847,112,,112,369,54,54,2521,2745,5266,185019,5220,2.18,14960,559,
"3437_1st",449,3437,South Chagrin,"""MIXED"" FORESTS",63,22.74270805,medium low,2013,Year_4,464,6942,42,,42,385,361,361,9157,2161,11318,581089,6476,1.71,0,0,
"3449_1st",454,3449,North Chagrin,Beech-maple forest,40,22.48274192,medium low,2013,Year_4,467,16616,201,822,201,328,332,328,5583,1230,6813,1485834,5875,1.67,1026858,4909,
"3457_1st",458,3457,North Chagrin,Beech-red oak forest,57,24.96513698,medium low,2013,Year_4,469,17124,185,289,185,570,194,194,11010,1830,12839,1917366,8952,1.68,1087039,6762,
"1016_1st",16,1016,South Chagrin,Old Field (>10 years),40,16.73625623,medium,2010,Year_1,16,7527,156,403,156,6,23,6,3467,2662,6129,417933,3758,2.39,254288,3259,
"1017_1st",17,1017,North Chagrin,Dry Oak forest and Woodland,50,21.91065775,medium,2010,Year_1,17,17124,37,771,37,0,17,0,11010,1830,12839,1917366,8952,1.68,0,0,
"1021_1st",21,1021,Hinckley,Sugar maple forest,50,17.939925,medium,2010,Year_1,21,318,65,87,65,18,54,18,23105,0,23105,4185661,12531,1.38,0,0,
"1035_1st",35,1035,Mill Stream Run,"""MIXED"" FORESTS",58,23.71428571,medium,2010,Year_1,35,2672,21,,21,,,,7408,0,7408,194527,3961,1.92,0,0,
"1039_1st",39,1039,Mill Stream Run,Mesic Floodplain Forest,57,22.72351665,medium,2010,Year_1,39,794,243,,243,15,72,15,4699,6400,11100,699298,7542,1.25,398418,4957,
"1045_1st",45,1045,Brecksville,"""MIXED"" FORESTS",60,26.70258731,medium,2010,Year_1,45,836,279,,279,,,,11366,6687,18053,1996689,8598,1.15,1442707,5815,
"1047_1st",47,1047,Bedford,Beech-maple forest,67,31.80408779,medium,2010,Year_1,47,3139,187,1673,187,56,143,56,3994,4341,8335,633034,7488,1.38,326915,4629,
"1054_1st",54,1054,Rocky River,"""MIXED"" FORESTS",40,19.69576292,medium,2010,Year_1,54,7815,98,1537,98,70,47,47,7774,6303,14077,942215,11103,1.97,0,0,
"1058_1st",58,1058,Rocky River,Cottonwood Forest,44,19.67077512,medium,2010,Year_1,58,7815,64,840,64,18,54,18,7774,6303,14077,942215,11103,1.97,0,0,
"1059_1st",59,1059,Bedford,Dogwood Thickets,26,8.142857143,medium,2010,Year_1,59,2169,63,,63,282,19,19,11148,2862,14011,939302,6219,1.65,0,0,
"1066_1st",66,1066,Hinckley,Sugar maple forest,57,31.00680929,medium,2010,Year_1,66,318,595,724,595,38,57,38,23105,0,23105,4185661,12531,1.38,2877403,9218,
"1069_1st",69,1069,Hinckley,Mesic Floodplain Forest,67,25.25,medium,2010,Year_1,69,517,11,,11,,,,11862,5584,17446,1444312,11430,1.1,0,0,
"1076_1st",76,1076,North Chagrin,Maple-Ash-Elm forest,43,15.93382542,medium,2010,Year_1,76,17071,23,165,23,,,,1988,0,1988,148037,1487,3.85,0,0,
"1077_1st",77,1077,Brecksville,Beech-maple forest,50,16.12761607,medium,2010,Year_1,77,865,35,13,13,,,,7898,0,7898,223627,3410,2.65,0,0,
"1081_1st",81,1081,North Chagrin,Beech-maple forest,43,18.54846232,medium,2010,Year_1,81,17124,43,516,43,5,138,5,11010,1830,12839,1917366,8952,1.68,0,0,
"1082_1st",82,1082,Hinckley,"""MIXED"" FORESTS",55,24.63088621,medium,2010,Year_1,82,335,481,587,481,171,374,171,12459,4223,16682,1813467,11535,1.38,1140957,7831,
"1087_1st",87,1087,Mill Stream Run,Beech-maple forest,42,17.462565,medium,2010,Year_1,87,965,708,,708,,,,5745,4399,10144,907648,6080,1.15,603205,3629,
"1089_1st",89,1089,Brecksville,Beech-maple forest,66,26.03075105,medium,2010,Year_1,89,1044,349,590,349,31,105,31,8257,749,9006,1771071,6580,1.5,867314,4697,
"1097_1st",96,1097,North Chagrin,Beech-maple forest,54,21.06339637,medium,2010,Year_1,96,17124,14,593,14,14,17,14,11010,1830,12839,1917366,8952,1.68,0,0,
"1100_1st",99,1100,North Chagrin,Planted-Austrian Pine,16,13.85804656,medium,2010,Year_1,99,16618,23,27,23,61,173,61,3353,614,3967,240534,2537,2.43,0,0,
"1101_1st",100,1101,Hinckley,Blackberry Thickets,56,25.55115533,medium,2011,Year_2,125,664,118,139,118,54,69,54,12373,3242,15615,2008135,8465,1.7,1218361,7697,
"1103_1st",102,1103,Mill Stream Run,"""MIXED"" FORESTS",40,16.0475484,medium,2011,Year_2,127,965,86,,86,,,,5745,4399,10144,907648,6080,1.15,0,0,
"1113_1st",112,1113,North Chagrin,"""MIXED"" FORESTS",47,23.76900329,medium,2011,Year_2,137,17124,125,375,125,604,280,280,11010,1830,12839,1917366,8952,1.68,1087039,6762,
"1114_1st",113,1114,Bradley Woods,Beech-maple forest,54,17.67766953,medium,2011,Year_2,138,3782,28,469,28,329,229,229,20787,0,20787,2780009,12429,1.25,0,0,
"1119_1st",118,1119,South Chagrin,Young field (<5 years),13,8.621054497,medium,2011,Year_2,143,10344,57,0,0,57,9,9,9758,0,9758,414868,6220,2.43,0,0,
"1125_1st",124,1125,Brecksville,Planted-Norway Spruce,58,23.46215521,medium,2011,Year_2,149,758,119,369,119,1,13,1,9445,9766,19211,2708700,9043,1.31,1937830,9532,
"1126_1st",125,1126,Mill Stream Run,Atypical Upland Forest,46,19.69463856,medium,2011,Year_2,150,1865,116,17,17,,,,4217,0,4217,380278,3205,1.47,0,0,
"1127_1st",126,1127,Bedford,Hemlock-hardwood forest,48,19.85782801,medium,2011,Year_2,151,3072,444,478,444,472,5,5,6617,4929,11546,965735,8324,1.24,458541,4240,
"1134_1st",133,1134,Bradley Woods,Red maple thickets and woodlands,13,13.89946481,medium,2011,Year_2,158,3782,6,491,6,85,95,85,20787,0,20787,2780009,12429,1.25,0,0,
"1135_1st",134,1135,Mill Stream Run,Other-Declining White Pine Stand,53,24.37483032,medium,2011,Year_2,159,828,201,804,201,2,20,2,12861,2764,15624,3645170,10878,1.22,2528157,11042,
"1138_1st",137,1138,Rocky River,Young field (<5 years),16,7.937253933,medium,2011,Year_2,161,3614,13,548,13,99,99,99,7409,1895,9304,659619,5641,2.43,0,0,
"1146_1st",145,1146,Hinckley,"""MIXED"" FORESTS",63,27.14285714,medium,2011,Year_2,169,318,307,568,307,284,120,120,23105,0,23105,4185661,12531,1.38,2877403,9218,
"1153_1st",152,1153,Brecksville,Beech-maple forest,63,24.27166324,medium,2011,Year_2,176,1044,132,595,132,102,203,102,8257,749,9006,1771071,6580,1.5,867314,4697,
"1161_1st",160,1161,North Chagrin,Red maple thickets and woodlands,33,17.34454765,medium,2011,Year_2,184,17067,77,1008,77,36,435,36,5155,0,5155,562002,4101,2.21,0,0,
"1162_1st",161,1162,Hinckley,Sedge seep (e.g. Carex bromoides),68,19.36731843,medium,2011,Year_2,185,335,125,362,125,96,192,96,12459,4223,16682,1813467,11535,1.38,1140957,7831,
"1167_1st",166,1167,Mill Stream Run,Cratategus shrub thicket,47,15.125,medium,2011,Year_2,190,828,95,1416,95,346,283,283,12861,2764,15624,3645170,10878,1.22,0,0,
"1169_1st",168,1169,Brecksville,"""MIXED"" FORESTS",53,24.52889453,medium,2011,Year_2,192,2465,94,1339,94,423,22,22,6907,3043,9949,643893,6659,2.05,0,0,
"1171_1st",170,1171,Bedford,Mesic Floodplain Forest,67,27.24378609,medium,2011,Year_2,194,2169,143,,143,42,36,36,11148,2862,14011,939302,6219,1.65,368780,4479,
"1176_1st",175,1176,South Chagrin,Beech-red oak forest,70,27.0,medium,2011,Year_2,199,9162,173,466,173,27,47,27,10222,0,10222,1149320,7522,1.62,482052,4999,
"1179_1st",178,1179,Mill Stream Run,Mesic Floodplain Forest,27,14.25140569,medium,2011,Year_2,202,2671,16,,16,,,,8899,0,8899,27836,892,3.24,0,0,
"1184_1st",183,1184,North Chagrin,Red maple thickets and woodlands,22,14.6,medium,2011,Year_2,207,17823,34,,34,51,433,51,2331,0,2331,175725,2030,2.34,0,0,
"1190_1st",189,1190,Mill Stream Run,Maple-Ash-Elm forest,40,21.91346618,medium,2011,Year_2,213,2032,11,330,11,173,145,145,3995,2392,6388,385155,4826,1.98,0,0,
"1206_1st",205,1206,Rocky River,"""MIXED"" FORESTS",64,19.7508288,medium,2012,Year_3,248,7034,68,9,9,66,15,15,8129,3163,11291,1076909,9523,2.66,0,0,
"1207_1st",206,1207,Bedford,Young field  (<5 years),0,4.056740423,medium,2012,Year_3,249,5935,109,466,109,493,487,487,7245,0,7245,394793,3150,1.89,149901,1753,
"1210_1st",209,1210,Hinckley,"""MIXED"" FORESTS",40,20.71291867,medium,2012,Year_3,252,318,201,590,201,336,161,161,23105,0,23105,4185661,12531,1.38,2877403,9218,
"1216_1st",215,1216,Brecksville,Mesic Floodplain Forest,71,22.91860151,medium,2012,Year_3,258,6430,105,,105,,,,1544,0,1544,155322,1544,1.33,37988,802,
"1218_1st",217,1218,Rocky River,Mesic Floodplain Forest,64,23.6943818,medium,2012,Year_3,260,7815,47,305,47,65,83,65,7774,6303,14077,942215,11103,1.97,0,0,
"1219_1st",218,1219,Bedford,Planted-White Pine,39,16.61700936,medium,2012,Year_3,261,4694,145,,145,,,,5715,0,5715,345231,4261,2.19,89552,1566,
"1220_1st",219,1220,North Chagrin,Streams and Rivers,34,12.5031575,medium,2012,Year_3,262,16324,202,,202,,,,5622,3584,9205,588988,5372,1.27,324259,4233,
"1229_1st",228,1229,Hinckley,"""MIXED"" FORESTS",50,19.90058626,medium,2012,Year_3,271,714,190,105,105,,,,5101,0,5101,342372,3377,1.97,54833,1256,
"1230_1st",229,1230,Rocky River,Young field (<5 years),24,11.13552873,medium,2012,Year_3,272,9127,10,43,10,,,,2794,0,2794,16277,1455,3.83,0,0,
"1231_1st",230,1231,South Chagrin,Red maple thickets and woodlands,23,11.85714286,medium,2012,Year_3,273,10427,17,,17,,,,5269,0,5269,201940,3326,2.24,0,0,
"1232_1st",231,1232,North Chagrin,Atypical Upland Forest,60,17.85767487,medium,2012,Year_3,274,16615,23,,23,32,1335,32,9324,2678,12002,680474,8158,1.74,0,0,
"1236_1st",235,1236,South Chagrin,Mesic Floodplain Forest,74,29.63489957,medium,2012,Year_3,278,9162,56,71,56,15,4,4,10222,0,10222,1149320,7522,1.62,0,0,
"1237_1st",236,1237,Brecksville,"""MIXED"" FORESTS",63,29.14816263,medium,2012,Year_3,279,758,368,338,338,235,248,235,9445,9766,19211,2708700,9043,1.31,1937830,9532,
"1240_1st",239,1240,South Chagrin,"""MIXED"" FORESTS",60,24.50947339,medium,2012,Year_3,282,10063,17,,17,64,453,64,12255,0,12255,371460,4714,2.0,0,0,
"1241_1st",240,1241,Hinckley,rice-cutgrass meadow,67,20.74197455,medium,2012,Year_3,283,517,116,,116,,,,11862,5584,17446,1444312,11430,1.1,567582,5342,
"1243_1st",242,1243,Brecksville,Beech-maple forest,43,17.82675246,medium,2012,Year_3,285,865,36,162,36,,,,7898,0,7898,223627,3410,2.65,0,0,
"1261_1st",260,1261,Hinckley,Beech-maple forest,63,23.94227554,medium,2012,Year_3,303,664,200,170,170,2,18,2,12373,3242,15615,2008135,8465,1.7,1218361,7697,
"1267_1st",266,1267,Bedford,"""MIXED"" FORESTS",33,18.14732987,medium,2012,Year_3,309,2169,38,,38,59,12,12,11148,2862,14011,939302,6219,1.65,0,0,
"1268_1st",267,1268,South Chagrin,Sycamore Woodland,43,18.71428571,medium,2012,Year_3,310,10775,8,,8,,,,1921,0,1921,45286,1921,3.57,0,0,
"1269_1st",268,1269,Brecksville,"""MIXED"" FORESTS",70,25.08877854,medium,2012,Year_3,311,758,332,339,332,103,86,86,9445,9766,19211,2708700,9043,1.31,1937830,9532,
"1271_1st",270,1271,Bedford,"""MIXED"" FORESTS",43,15.39600718,medium,2012,Year_3,313,3386,79,301,79,204,212,204,10139,8695,18834,1945098,13162,1.78,0,0,
"1275_1st",274,1275,Mill Stream Run,"""MIXED"" FORESTS",51,19.89227746,medium,2012,Year_3,317,828,195,73,73,21,14,14,12861,2764,15624,3645170,10878,1.22,0,0,
"1281_1st",280,1281,Brecksville,"""MIXED"" FORESTS",52,15.73312588,medium,2012,Year_3,323,1044,275,115,115,63,112,63,8257,749,9006,1771071,6580,1.5,867314,4697,
"1286_1st",285,1286,Rocky River,"""MIXED"" FORESTS",44,18.4327075,medium,2012,Year_3,328,7034,46,375,46,258,7,7,8129,3163,11291,1076909,9523,2.66,0,0,
"1294_1st",293,1294,Rocky River,Hemlock-hardwood forest,66,25.62595667,medium,2012,Year_3,336,3772,40,1235,40,1237,1169,1169,5546,3266,8812,319384,5227,1.53,0,0,
"1300_1st",299,1300,South Chagrin,"""MIXED"" FORESTS",49,19.91728177,medium,2012,Year_3,342,9162,11,16,11,12,45,12,10222,0,10222,1149320,7522,1.62,0,0,
"1313_1st",312,1313,Brecksville,Beech-red oak forest,57,19.528327,medium,2013,Year_4,372,818,12,,12,,,,16608,0,16608,1101809,8421,1.29,0,0,
"1317_1st",316,1317,Hinckley,"""MIXED"" FORESTS",46,19.17028951,medium,2013,Year_4,376,318,233,564,233,153,17,17,23105,0,23105,4185661,12531,1.38,2877403,9218,
"1318_1st",317,1318,Mill Stream Run,Mesic Floodplain Forest,47,15.29978213,medium,2013,Year_4,377,2032,107,665,107,515,384,384,3995,2392,6388,385155,4826,1.98,113674,1666,
"1320_1st",319,1320,South Chagrin,successional sedge meadow,54,16.808383,medium,2013,Year_4,379,10063,99,,99,108,205,108,12255,0,12255,371460,4714,2.0,0,0,
"1325_1st",324,1325,Hinckley,"""MIXED"" FORESTS",67,24.5,medium,2013,Year_4,384,318,432,299,299,24,116,24,23105,0,23105,4185661,12531,1.38,2877403,9218,
"1326_1st",325,1326,Rocky River,Mesic Floodplain Forest,53,18.47520861,medium,2013,Year_4,385,12508,17,,17,17,74,17,4490,1605,6095,78272,2464,2.98,0,0,
"1330_1st",329,1330,Rocky River,Mesic Floodplain Forest,45,18.3829006,medium,2013,Year_4,389,3744,178,96,96,,,,975,818,1794,106008,1331,2.33,0,0,
"1335_1st",334,1335,Bedford,Young field (<5 years),13,12.29359712,medium,2013,Year_4,394,5935,107,400,107,185,129,129,7245,0,7245,394793,3150,1.89,149901,1753,
"1338_1st",337,1338,Hinckley,Mesic Floodplain Forest,54,28.19402819,medium,2013,Year_4,397,335,454,609,454,151,138,138,12459,4223,16682,1813467,11535,1.38,1140957,7831,
"1355_1st",354,1355,Mill Stream Run,Mesic Floodplain Forest,54,26.10919648,medium,2013,Year_4,414,1551,32,226,32,343,24,24,5080,856,5936,480392,3066,1.81,0,0,
"1357_1st",356,1357,Hinckley,Sugar maple forest,74,25.77256293,medium,2013,Year_4,416,664,18,263,18,125,202,125,12373,3242,15615,2008135,8465,1.7,0,0,
"1359_1st",358,1359,Mill Stream Run,"""MIXED"" FORESTS",40,17.49146133,medium,2013,Year_4,418,965,498,,498,,,,5745,4399,10144,907648,6080,1.15,603205,3629,
"1361_1st",360,1361,Brecksville,Dry-Mesic Oak Forest and Woodland,60,25.12255674,medium,2013,Year_4,420,758,294,266,266,282,181,181,9445,9766,19211,2708700,9043,1.31,1937830,9532,
"1363_1st",362,1363,Brecksville,Mesic Floodplain Forest,61,23.57667596,medium,2013,Year_4,422,1724,30,,30,,,,22891,4838,27728,2363180,11126,3.5,0,0,
"1369_1st",368,1369,North Chagrin,Mesic Floodplain Forest,67,28.6803174,medium,2013,Year_4,428,17072,291,368,291,4,62,4,3845,1830,5674,584325,4305,1.46,373019,3297,
"1370_1st",369,1370,Hinckley,Beech-maple forest,63,28.14285714,medium,2013,Year_4,429,318,596,575,575,5,12,5,23105,0,23105,4185661,12531,1.38,2877403,9218,
"1372_1st",371,1372,Bedford,Skunk cabbage seep,35,18.71941951,medium,2013,Year_4,431,3386,267,233,233,80,63,63,10139,8695,18834,1945098,13162,1.78,1238095,9912,
"1380_1st",379,1380,North Chagrin,"""MIXED"" FORESTS",57,19.41695604,medium,2013,Year_4,438,16616,44,1036,44,113,30,30,5583,1230,6813,1485834,5875,1.67,0,0,
"1389_1st",388,1389,Hinckley,"""MIXED"" FORESTS",55,21.35496389,medium,2013,Year_4,446,664,68,319,68,607,163,163,12373,3242,15615,2008135,8465,1.7,0,0,
"1393_1st",392,1393,Brecksville,"""MIXED"" FORESTS",39,16.72015659,medium,2013,Year_4,450,822,20,,20,,,,4273,0,4273,33800,2379,4.89,0,0,
"1395_1st",394,1395,Bedford,other wet meadow (red top grass and wool grass),33,6.4049,medium,2013,Year_4,452,3386,346,780,346,330,32,32,10139,8695,18834,1945098,13162,1.78,1238095,9912,
"3367_1st",403,3367,Rocky River,Mesic Floodplain Forest,61,20.20126009,medium,2010,Year_1,106,3733,98,,98,,,,3830,1938,5768,165914,4350,2.53,0,0,
"3376_1st",409,3376,Euclid Creek,Beech-red oak forest,39,16.80277755,medium,2010,Year_1,110,16484,113,1098,113,512,2,2,5927,4148,10075,543735,8853,3.86,10300,459,
"3381_1st",413,3381,Mill Stream Run,Mesic Floodplain Forest,33,14.96910398,medium,2010,Year_1,113,915,21,,21,,,,4078,3067,7145,137875,3867,1.6,0,0,
"3382_1st",414,3382,Brecksville,Dry Oak forest and Woodland,64,27.57142857,medium,2011,Year_2,227,758,318,256,256,295,279,279,9445,9766,19211,2708700,9043,1.31,1937830,9532,
"3394_1st",421,3394,Brecksville,Mesic Floodplain Forest,60,27.44444444,medium,2011,Year_2,230,836,271,,271,,,,11366,6687,18053,1996689,8598,1.15,1442707,5815,
"3400_1st",427,3400,Bedford,Hemlock-hardwood forest,55,23.32625743,medium,2011,Year_2,232,3072,74,375,74,171,18,18,6617,4929,11546,965735,8324,1.24,0,0,
"3406_1st",430,3406,Hinckley,Beech-maple forest,64,31.75426481,medium,2011,Year_2,235,335,186,500,186,229,243,229,12459,4223,16682,1813467,11535,1.38,1140957,7831,
"3410_1st",432,3410,Brecksville,Cottonwood Forest,29,14.13831291,medium,2013,Year_4,459,1209,9,,9,,,,8652,2481,11133,591040,5631,1.22,0,0,
"3412_1st",434,3412,Bedford,Young field (<5 years),0,6.046918008,medium,2012,Year_3,343,1991,44,,44,,,,7619,452,8071,512305,6644,1.79,0,0,
"3420_1st",440,3420,West Creek,"""MIXED"" FORESTS",23,12.93158175,medium,2010,Year_1,119,2876,72,65,65,94,111,94,13199,3831,17030,575243,9068,1.26,0,0,
"3421_1st",441,3421,South Chagrin,Mixed swamp forest,47,19.65852556,medium,2012,Year_3,351,10063,42,,42,231,342,231,12255,0,12255,371460,4714,2.0,0,0,
"3422_1st",442,3422,Hinckley,Old field (>10 years),34,16.48274404,medium,2013,Year_4,461,318,115,111,111,23,171,23,23105,0,23105,4185661,12531,1.38,2877403,9218,
"3423_1st",443,3423,Bedford,Red maple thickets and woodlands,16,10.88871446,medium,2012,Year_3,349,3409,15,,15,545,572,545,9049,0,9049,528551,7985,2.68,0,0,
"3425_1st",444,3425,North Chagrin,Beech-red oak forest,74,25.03366155,medium,2011,Year_2,240,17124,44,681,44,5,78,5,11010,1830,12839,1917366,8952,1.68,0,0,
"3435_1st",448,3435,Big Creek,"""MIXED"" FORESTS",43,19.60035492,medium,2011,Year_2,241,3248,14,,14,392,404,392,3779,254,4033,223909,3394,1.47,0,0,
"3439_1st",450,3439,Rocky River,Mesic Floodplain Forest,64,24.55887745,medium,2012,Year_3,344,7285,211,339,211,69,11,11,1465,1284,2749,128174,2379,1.41,47232,920,
"3459_1st",459,3459,Big Creek,Mesic Floodplain Forest,36,14.9829969,medium,2011,Year_2,242,2129,41,,41,543,92,92,4410,488,4898,209569,2689,1.8,0,0,
"3499_1st",467,3499,Rocky River,Mesic Floodplain Forest,46,20.50609665,medium,2013,Year_4,474,4135,165,,165,72,6,6,7129,2767,9896,347694,6673,1.41,43570,1415,
"3812_1st",474,3812,Brookside,Young field (<5 years),0,4.041451884,medium,2011,Year_3,352,6726,51,17,17,58,28,28,6501,156,6658,269922,3743,5.23,0,0,
"3964_1st",475,3964,Ohio and Erie Canal,Cottonwood Forest,24,12.44158766,medium,2012,Year_3,359,7567,8,,8,,,,9213,2418,11631,92757,3498,3.42,0,0,
"1063_1st",63,1063,Bedford,Young Field (<5 years),7,4.4,,2010,Year_1,63,2936,260,0,0,393,475,393,8175,241,8416,958260,4891,6.12,0,0,
"1088_1st",88,1088,Brookside,Young Field (<5 years),6,14.28355698,,2010,Year_1,88,6878,13,1193,13,,,,3793,845,4638,56697,3489,7.11,0,0,
"1107_1st",106,1107,Bedford,Streams and Rivers,10,9.38083152,,2011,Year_2,131,2169,161,,161,70,72,70,11148,2862,14011,939302,6219,1.65,368780,4479,
"1188_1st",187,1188,South Chagrin,Young field (<5 years),13,7.8,,2011,Year_2,211,7527,75,101,75,12,117,12,3467,2662,6129,417933,3758,2.39,0,0,
"1204_1st",203,1204,North Chagrin,Mixed emergent marsh,36,10.15592719,,2012,Year_3,246,16616,197,1057,197,419,207,207,5583,1230,6813,1485834,5875,1.67,1026858,4909,
"1274_1st",273,1274,Hinckley,Mesic Floodplain Forest,53,21.04002233,,2012,Year_3,316,318,170,82,82,170,89,89,23105,0,23105,4185661,12531,1.38,0,0,
"1283_1st",282,1283,Bedford,"""MIXED"" FORESTS",27,13.33945938,,2012,Year_3,325,3447,320,,320,,,,2547,3182,5729,434964,5234,1.88,228870,2724,
"3380_1st",412,3380,Bedford,Old field (>10 years),0,10.3020423,,2010,Year_1,112,3386,346,801,346,347,32,32,10139,8695,18834,1945098,13162,1.78,1238095,9912,
"3399_1st",426,3399,Rocky River,Cattail marsh,0,1.666666667,,2011,Year_2,231,6695,20,10,10,20,70,20,3838,3163,7000,757565,6420,5.15,0,0,
"3980_1st",476,3980,Washington,Cottonwood Thickets and Woodland,20,8.292279829,,2010,Year_1,124,21145,26,0,0,,,,5738,0,5738,118897,4820,7.16,0,0,
"1006_1st",6,1006,Bradley Woods,Oak-Maple swamp,61,24.42632108,very high,2010,Year_1,6,3782,300,1104,300,371,518,371,20787,0,20787,2780009,12429,1.25,1484354,10226,
"1015_1st",15,1015,Bedford,Red maple thickets and woodlands,7,10.32795559,very high,2010,Year_1,15,3386,125,1159,125,29,65,29,10139,8695,18834,1945098,13162,1.78,1238095,9912,
"1026_1st",26,1026,Rocky River,Planted-Austrian Pine,29,16.0,very high,2010,Year_1,26,3614,179,94,94,35,30,30,7409,1895,9304,659619,5641,2.43,0,0,
"1030_1st",30,1030,Rocky River,"""MIXED"" FORESTS",24,13.31280471,very high,2010,Year_1,30,6822,35,205,35,,,,9786,0,9786,191263,3565,4.23,0,0,
"1044_1st",44,1044,North Chagrin,"""MIXED"" FORESTS",41,12.79204298,very high,2010,Year_1,44,16610,148,,148,,,,3891,3496,7387,132844,2091,1.17,94210,1388,
"1051_1st",51,1051,Mill Stream Run,Beech-maple forest,39,17.19570608,very high,2010,Year_1,51,828,210,234,210,123,15,15,12861,2764,15624,3645170,10878,1.22,2528157,11042,
"1064_1st",64,1064,South Chagrin,Beech-red oak forest,54,22.70911059,very high,2010,Year_1,64,10063,89,,89,81,173,81,12255,0,12255,371460,4714,2.0,0,0,
"1072_1st",72,1072,West Creek,Red maple thickets and woodlands,10,13.59779394,very high,2010,Year_1,72,5174,18,55,18,,,,1771,0,1771,50594,1340,2.92,0,0,
"1091_1st",91,1091,Bedford,Beech-maple forest,36,14.90482627,very high,2010,Year_1,91,3409,5,,5,514,514,514,9049,0,9049,528551,7985,2.68,0,0,
"1136_1st",135,1136,West Creek,Dry-Mesic Oak Forest and Woodland,25,17.29932561,very high,2010,Year_1,100,2875,70,,70,265,1,1,11387,3831,15218,536239,9971,1.61,0,0,
"1150_1st",149,1150,Rocky River,Beech-red oak forest,36,14.62059865,very high,2011,Year_2,173,10915,31,,31,119,142,119,4919,1049,5968,132832,4379,3.6,0,0,
"1155_1st",154,1155,Bedford,"""MIXED"" FORESTS",47,19.60757871,very high,2011,Year_2,178,3409,60,,60,280,282,280,9049,0,9049,528551,7985,2.68,0,0,
"1175_1st",174,1175,Bedford,Beech-maple forest,53,23.63356627,very high,2011,Year_2,198,3347,41,,41,45,364,45,8869,241,9110,767481,6503,1.63,0,0,
"1319_1st",318,1319,Bedford,Dry-Mesic Oak Forest and Woodland,50,31.0595501,very high,2013,Year_4,378,3072,127,28,28,84,20,20,6617,4929,11546,965735,8324,1.24,0,0,
"1347_1st",346,1347,Bedford,"""MIXED"" FORESTS",43,20.29426379,very high,2013,Year_4,406,4694,64,,64,,,,5715,0,5715,345231,4261,2.19,0,0,
"1388_1st",387,1388,West Creek,Beech-maple forest,36,15.56365229,very high,2010,Year_1,102,2876,19,404,19,450,371,371,13199,3831,17030,575243,9068,1.26,0,0,
"3396_1st",423,3396,Bedford,"""MIXED"" FORESTS",64,26.46529359,very high,2010,Year_1,117,3203,66,344,66,53,2,2,6926,0,6926,650049,5995,1.91,0,0,
"3484_1st",465,3484,West Creek,"""MIXED"" FORESTS",39,20.29426379,very high,2010,Year_1,120,2875,114,,114,719,21,21,11387,3831,15218,536239,9971,1.61,47749,983,
"3596_1st",470,3596,West Creek,Dry-Mesic Oak Forest and Woodland,47,20.78460969,very high,2010,Year_1,121,4779,33,,33,,,,4102,1156,5258,95513,2424,1.23,0,0,
"3732_1st",473,3732,West Creek,Dry-Mesic Oak Forest and Woodland,44,19.32758535,very high,2010,Year_1,123,5031,18,79,18,,,,957,0,957,41490,868,4.09,0,0,
