"fid","plot_id","geom","ldi_250ft","ldi_500ft","ldi_1k","ldi_1k_2005","ldi_2k","ldi_3k"
1,"1002_1st",POINT (2181961.966582265 561937.2040621865),0.0,0.032050920094496706,0.4004031404023592,0.19219416638793715,0.8324491457799008,1.217612466056905
2,"1003_1st",POINT (2150603.164234109 613126.064323057),0.0,0.08706050912661042,0.0750729805347812,0.03469856223607514,0.6049081119813088,1.066578850931248
3,"1004_1st",POINT (2227459.3677537353 626208.1290629893),0.0,0.0,0.021370902323597084,0.009816588986154907,0.3412775429811909,0.4679069901250324
4,"1005_1st",POINT (2191854.262734906 580245.1985438305),0.0,0.0,0.0,0.0,0.7967676069740536,1.3446244563238392
5,"1006_1st",POINT (2116873.0660748766 635134.0578629784),0.0,0.0,0.011820339542260475,0.005423627674370132,0.10115978501025022,0.3723070008988428
6,"1008_1st",POINT (2190036.868129209 621532.8721944819),0.08264842633353046,0.298482695428149,0.6383467735472637,0.31508929461946883,0.8856341340984858,3.5988100256367304
7,"1009_1st",POINT (2186183.001461539 567396.754859939),0.220868553569641,0.1558622004770241,0.21514643973399333,0.10106590263412554,0.25739927637688237,0.7850551252154536
8,"1010_1st",POINT (2133646.5227815625 633287.311399208),0.0,0.0439606818355413,0.3000073664949298,0.14232703426892152,1.1721109579048288,1.2546281189333328
9,"1011_1st",POINT (2241516.6150900857 623285.3519849064),0.17813956583784457,0.4045299775959924,1.1902661729615742,0.6274578314448548,4.119413221847007,5.7124566150615745
10,"1012_1st",POINT (2263448.5015464947 693603.9259807129),0.20141945408973105,0.20160137991664834,0.19027109578841686,0.08912301544878173,0.2465384848024889,0.21790367896453494
11,"1013_1st",POINT (2190970.2079551797 596392.8369220573),0.2898126119683327,0.7846109730890731,0.7589742085316659,0.3800117396879385,1.022123634048426,1.3917869043993116
12,"1014_1st",POINT (2151590.812440321 612514.1766139114),0.42287748257621965,0.5348976508973295,0.5702872906360931,0.2792471855101171,1.1400355893608463,2.890467624562807
13,"1015_1st",POINT (2226480.089493163 626164.7588056242),0.0,0.11073323526312384,0.6266345198502954,0.3088811985010431,0.6680457911283146,0.5172762208690634
14,"1016_1st",POINT (2266405.238691552 646290.8078286115),1.5528397214346,0.7129649018552507,0.32211522554300387,0.15320936825696588,0.33138607966016875,0.3362166065203998
15,"1017_1st",POINT (2260708.6957178693 695417.7523155698),0.4617694445006407,0.3193948797755585,0.5904752502422419,0.28982022149353304,0.7351187834703619,0.5231627300362233
16,"1018_1st",POINT (2187855.8094094265 564067.1904626635),0.0,0.0,0.0,0.0,0.38437753482426684,0.8589561356265554
17,"1019_1st",POINT (2160569.6807019217 592974.5140866536),0.11824441261575551,0.30866525751025436,0.48067628489852343,0.2329039875260309,0.9224532293598036,1.046011701756278
18,"1021_1st",POINT (2179778.7977212896 567062.590232309),0.0,0.26756666541565405,0.21368895312109337,0.10036426138796825,0.3036699236506372,0.5921007948197383
19,"1022_1st",POINT (2151606.9350882177 657003.8943392975),0.345496624954168,1.4326524935025589,1.114800895907587,0.5823684006142213,3.419385734365264,3.161659947060614
20,"1024_1st",POINT (2173215.311791472 637400.8584867155),0.32751386245034786,0.497869667677065,2.8338942662897497,1.8315760191943302,6.8860334901257705,8.47142033107408
21,"1025_1st",POINT (2215290.323092713 600147.1349823354),0.0000022996986759,0.16923999503029394,0.19480213558629747,0.09129331821097864,0.08131710049043836,0.09355650768185104
22,"1026_1st",POINT (2136020.0235616025 633220.0078559845),0.0,0.022737182378568865,0.6290065458333842,0.3101371424728028,0.7910484354320051,0.5962360776148234
23,"1028_1st",POINT (2261684.8931158483 689909.0050560625),0.293174880141789,0.28235219733927913,0.40412925584185383,0.19406722645071223,0.4124742754467572,0.4586147540714738
24,"1029_1st",POINT (2225127.81462265 590470.8022138919),0.0,0.0,0.0,0.0,0.9182317795425621,1.4531896170898335
25,"1030_1st",POINT (2151259.886441043 650416.9735159639),0.30051231870632733,0.43842166544143246,3.789370916513997,2.7720085196578266,3.3111143886948384,3.430709015285336
26,"1031_1st",POINT (2223862.2620297046 623305.4720035958),0.2822180043503069,0.1691964575426671,0.09042276369806937,0.04186735495509764,0.23817154475537766,0.8016228505745637
27,"1033_1st",POINT (2264033.0933263954 698993.4296601709),0.07830600552243669,0.34205575721716763,0.25065872258771793,0.11823465846757367,0.25050097974789404,0.2578567336421616
28,"1034_1st",POINT (2190416.752383125 563540.5595601408),0.0,0.0,0.12128997847165304,0.056360170342194524,0.7231188016842155,0.8650475690162189
29,"1035_1st",POINT (2152806.59839531 606883.1564252784),0.2868624775632446,0.21359215694657988,0.18537473563163584,0.08678027360281934,0.3639983904775462,2.1111169327261927
30,"1038_1st",POINT (2154592.8953821138 651550.3844188603),0.0,0.22324162739090117,6.491755347750765,6.882144595240938,8.091798699281492,6.443191449251025
31,"1039_1st",POINT (2165818.3618200026 596992.336310299),0.0,0.0,0.0878584902405882,0.04066800155363767,0.12831492317189241,0.3808026971957082
32,"1040_1st",POINT (2259228.089651692 696102.9687778966),0.0,0.185726421892504,2.1680991326412427,1.2884079158021098,1.03188829915949,2.5631828276811404
33,"1041_1st",POINT (2214486.8870765325 598659.5335833906),0.0,0.0006297410185763,0.20950920138432624,0.09835341369826367,0.12788406387565998,0.18989159712173348
34,"1043_1st",POINT (2216762.6005652957 614219.7982111296),0.0,0.0,0.06078917842809673,0.028050334413878664,1.1377529085308928,0.887122770621374
35,"1044_1st",POINT (2265948.4769920013 692180.9788399424),0.0,0.0003061942927377,0.14165702792680565,0.0659794960782648,0.10577510537682933,0.2752136734428786
36,"1045_1st",POINT (2219696.2585953246 595769.4774980147),0.0,0.0,0.0,0.0,0.04141030379287202,0.08374822455700878
37,"1046_1st",POINT (2149944.3791740076 624328.9470939125),0.0,0.028621045096803688,0.18485482102976775,0.08653166722954587,2.5071382853282898,7.093210161606745
38,"1047_1st",POINT (2228799.102289071 623136.3814762708),0.0,0.0,0.09833228603391676,0.04557123432954836,0.2489190964803626,0.43954910423938354
39,"1048_1st",POINT (2266577.81299178 638163.4293244713),0.1522240722173126,0.24587299814867758,0.540247969086746,0.26360539325508703,0.4821940951090367,0.49034858979704526
40,"1050_1st",POINT (2120737.0505225165 639188.2390944412),0.0,0.14730810356331026,0.23892098823680386,0.11254439783260113,0.4559765328886949,0.7021299175639588
41,"1051_1st",POINT (2159615.5805698065 597863.8943547637),0.0,0.0,0.0874144453257726,0.04046038627384464,2.4598937347673915,4.5590732576571655
42,"1052_1st",POINT (2203169.4064392135 639319.3036049746),2.09648760808387,7.768842829112165,8.356776380113342,11.641094053966413,9.167921761182583,9.469549022914626
43,"1053_1st",POINT (2187340.179217989 565396.0291462848),0.0,0.0,0.7894627734516293,0.3967083568331845,1.1827480458655326,0.7660648921203157
44,"1054_1st",POINT (2144368.0653844303 639208.2102577186),0.906298915551269,1.4602765229723063,1.0186668895740392,0.5260528852760985,8.617141941132187,9.734621551924562
45,"1055_1st",POINT (2250151.0676476136 637089.8481349737),1.0306586348240334,1.2929613434278509,2.0638402993725187,1.2106420474296011,4.343496606376709,5.433078713607166
46,"1057_1st",POINT (2213661.6462459243 602783.0240776408),0.0,0.044184647377430816,0.08859205829323072,0.04101103123690718,0.057541998543421305,0.19883833970326562
47,"1058_1st",POINT (2145318.125053513 641288.4849650969),1.3188969759213098,6.5802844604440995,5.139650114432914,4.508574287161309,5.217217188056317,6.553550459782967
48,"1059_1st",POINT (2223518.420853601 615387.5653571642),9.0851241382797,7.961102529874986,6.197532883195992,6.300989492167943,3.5803259330901156,2.346710825889575
49,"1060_1st",POINT (2263284.430868501 641857.5956653219),0.0,0.0,0.08870171793357808,0.04106231504556162,0.23807333663812294,0.3067993168824729
50,"1061_1st",POINT (2216639.259990936 598025.8632349465),0.0,0.0,0.05810567748177848,0.02680376844194591,0.044681959708814424,0.08887190721014558
51,"1063_1st",POINT (2230992.6284173066 625095.1850627318),1.0082064507133135,1.008206450713295,1.0012162571978718,0.5159632751679759,1.0988550908905808,2.607322518252364
52,"1064_1st",POINT (2262710.6273965007 638560.104895544),0.03038674361920743,0.112572278369646,0.14039762285546073,0.06538337162525,0.21968772882744234,0.37813211936766433
53,"1065_1st",POINT (2264101.990805507 695419.460633064),0.2525249419646048,0.22791307986900974,0.23872743430432622,0.11245069489944992,0.4773662869739922,0.29020143021940165
54,"1066_1st",POINT (2181704.3984073014 563982.5947221373),0.0,0.0,0.0,0.0,0.05518014951451029,0.2907520643694908
55,"1067_1st",POINT (2147755.874735443 612022.4200845938),0.0,0.5805972556260417,0.8205519820522021,0.41385503897204357,1.3696473380450551,1.1187542580089107
56,"1068_1st",POINT (2231754.015636635 628233.5636010737),0.0,0.0,0.7727112619872019,0.38752012943391184,4.725504647482477,6.101157084264908
57,"1069_1st",POINT (2190711.946582532 579192.5129005818),0.06156414307485929,0.45569929368987894,0.16413616267478204,0.07664885929576049,0.20886695098419578,0.6743435428216904
58,"1070_1st",POINT (2114340.159686989 635745.1931050881),0.0,0.0,0.03916543778385766,0.01802733353802727,0.22870174846818428,0.44045515750952163
59,"1071_1st",POINT (2162444.4604972843 600367.9300752896),0.05584754117760146,0.5098139676328619,0.47894088292166803,0.2320159123834658,0.8550461112459046,3.045624633340924
60,"1072_1st",POINT (2190473.381333867 629513.0292184483),1.1451813294989592,1.6175178969085715,1.9309680643834135,1.1142013457055582,2.9772600194689707,2.5199469657729017
61,"1073_1st",POINT (2187870.1453389768 569419.7350009931),0.21329695214373987,0.6799717080925032,0.5725435094992558,0.28042639654834983,0.8287229887780917,0.8180381011515758
62,"1074_1st",POINT (2138849.881386223 631480.0918675447),3.9853403685099362,2.290834858172654,1.732767591558681,0.9757178804250828,4.315901825336431,5.778519656529975
63,"1075_1st",POINT (2247510.2148008156 626899.8981608616),0.01628578587875213,0.44596813467460145,0.4628178892894026,0.22378206836321923,0.8086313046115351,2.852840729820655
64,"1076_1st",POINT (2263852.8052033903 694326.8037817702),0.3195121570317315,0.27709869606550186,0.49201430020717507,0.2387148481221512,0.35914434483320995,0.24094776327523718
65,"1077_1st",POINT (2172870.7462138636 597721.8767788791),0.1630171727537581,0.1649852634440115,1.372157894144469,0.73941054954344,4.928598726431258,4.520261405825396
66,"1078_1st",POINT (2152759.214582113 620531.8873338328),0.0,0.0,2.653596891484294,1.676171403560815,8.101642567767794,7.401623928151714
67,"1080_1st",POINT (2267297.513716293 648619.4681367954),0.2433681085060554,0.2806766437153966,0.35279490709013434,0.16840315484934212,0.39066602925394855,0.34254569712033356
68,"1081_1st",POINT (2261144.2495221263 696720.3716962817),0.29409307887379416,0.17564966282451128,0.1528615865623498,0.0712906583422882,0.3117316727096803,0.547974179331336
69,"1082_1st",POINT (2188274.5644389633 562806.7037362438),0.0,0.0,0.026068900523227526,0.011981069211388825,0.5014856143409291,0.5968593888363513
70,"1083_1st",POINT (2159270.483049801 595656.7602748598),0.0,0.003267674415366144,0.880928292563163,0.44750719134686967,0.8616922998178461,1.2766817694428443
71,"1086_1st",POINT (2153465.648335106 657644.934093922),0.3424394289715952,0.4022719350987089,2.755739530603119,1.7634188390955965,2.625913775149926,2.5038493702679423
72,"1087_1st",POINT (2167985.6069854996 595745.9451629034),0.0,0.0,0.020473609663841416,0.009403451020626057,0.18975452961777797,0.3725751433829333
73,"1088_1st",POINT (2178350.274002362 649579.0695934455),1.7581864768610296,4.370483323854678,4.63435406344481,3.794801787921348,4.905393744778662,7.292565134704675
74,"1089_1st",POINT (2213623.9189639385 600563.6270898604),0.0,0.0,0.0,0.0,0.107577528720643,0.19426420882770218
75,"1090_1st",POINT (2135570.327552465 633581.2313443195),0.0,0.06502729674316356,1.2208060910876097,0.6459288626311309,0.7769453687048709,0.5736488921662807
76,"1091_1st",POINT (2241650.3836206887 625753.7314661733),0.6621647785031491,0.6276963299389994,0.31704023611495824,0.1507063633282393,5.5929642953448795,6.487342173602395
77,"1092_1st",POINT (2262222.068871263 690965.0911579686),0.0,0.01116333640363027,0.07535753898178114,0.03483122888923851,0.20999248401458132,0.3027763596829539
78,"1093_1st",POINT (2220844.4882846875 592673.4750656161),0.0,0.0,0.0,0.0,0.19225926565911852,0.7502342814695602
79,"1094_1st",POINT (2151662.9551162897 646470.2442300637),0.3614679491716813,0.44819042047374325,0.8929437215520463,0.4542602696493931,1.1733429641528175,1.7286366615904862
80,"1096_1st",,,,,,,
81,"1097_1st",POINT (2260972.2769387476 698248.7662384086),0.3550614638307247,0.6218384944796811,0.5877304751972465,0.288379812530448,0.3783114485832014,0.9925983919423746
82,"1098_1st",POINT (2189619.304178455 561099.2936207955),1.1128727335369581,1.605540904940326,1.8010424284833766,1.0227099324346116,1.2640412281601083,0.850404274330778
83,"1099_1st",POINT (2155981.9511878216 602262.1784774471),9.068991930669668,12.100569079723336,12.024737291617619,29.729534526834797,9.643960799694337,8.907141733469865
84,"1100_1st",POINT (2259127.816690474 692202.6240457223),0.8046575031263092,0.8383229448276254,4.086583854594453,3.109310554615143,5.897633798446138,6.06942689810003
85,"1101_1st",POINT (2188951.7420322555 566667.8160328459),0.0,0.03216675135924188,0.5279025272016789,0.25720829419983404,0.7481950734137127,0.864785440717488
86,"1102_1st",POINT (2151941.1681408626 656306.8544880113),0.12437222391308442,0.4874113970241476,0.4036041584432236,0.19380317089900936,0.9847557759434472,2.953338862688834
87,"1103_1st",POINT (2165763.477348995 594313.8273545739),0.0,0.07259279902564969,0.2806932269728179,0.1328651089260013,0.32342117736292164,0.3625923076805083
88,"1104_1st",POINT (2267161.0576163405 681668.514413015),0.7449903336796952,0.3516220215238211,0.3690911435744803,0.17651744701097544,0.31063155670166753,0.30961110920294177
89,"1105_1st",POINT (2215873.7419097945 597923.2116714542),0.0,0.0,0.0,0.0,0.0662926080298582,0.1300662153777969
90,"1106_1st",POINT (2147993.290459077 647699.5041015996),0.6382455761952542,0.36114306814010877,0.46938164601292476,0.22713042153401997,1.6840560980463637,3.5742784584547893
91,"1107_1st",POINT (2221094.599246019 615595.0714806318),0.0,0.0032215607687851584,0.26900064582955524,0.1271573715471825,1.7055489460226867,2.6198417744887808
92,"1108_1st",POINT (2268068.689443172 652502.6064320832),0.0,0.18662837482247188,0.6023858540815301,0.2960812507934194,0.6948435998527457,0.5402707267357285
93,"1110_1st",POINT (2140902.157835192 628805.7582196873),0.12010787253856375,0.21592128047121972,0.877417552960208,0.4455375611787575,2.575862286921274,4.234659781955159
94,"1111_1st",POINT (2228130.205535057 621795.4956189356),0.43520220216312216,0.4981344401315123,0.4331603530140059,0.20871587311292933,0.44881866240271906,0.5511384666164267
95,"1112_1st",POINT (2264659.5032209894 640227.5463584351),0.005648905049000243,0.4482435962261883,0.26453069487033976,0.12497942052183998,0.21507352753799117,0.2586634121524536
96,"1113_1st",POINT (2262633.2134118774 701129.7745370762),0.0,0.009895005330206406,0.199820430619718,0.09369965332328464,0.47066468048051563,0.936117311736143
97,"1114_1st",POINT (2120297.4265457513 637152.2730495906),0.033216242026883044,0.11398356255596517,0.31990280271600063,0.15211783291504077,0.5974245007519914,2.1477041291417533
98,"1115_1st",POINT (2157731.304617232 603365.3761441866),0.0,0.0,0.9594112360603247,0.4919566968600561,4.717783684447207,6.067916393336851
99,"1116_1st",POINT (2197233.6300643333 643940.4166328582),0.0,0.0,0.5992162874823004,0.2944134323832859,6.248054272189952,7.229582206209761
100,"1117_1st",POINT (2188536.334820444 565166.4931680046),0.0,0.0,0.0,0.0,0.40086883088483405,1.0082241283712403
101,"1119_1st",POINT (2253519.6244013975 638018.848034635),0.8881418068065132,0.6404366825502528,1.4008512396784722,0.7575031586359283,1.076586100783841,1.3423211552522223
102,"1122_1st",POINT (2151739.2775129 615718.076354106),0.2484726417270295,0.31408256906092163,1.9059721530488845,1.0963863652232018,1.0071658350975363,0.949537192157906
103,"1123_1st",POINT (2223774.5768438526 616341.3133844052),2.646550372388644,3.6333809727466146,3.9489470436091336,2.9502369631586527,2.702564622507486,3.1254807638907565
104,"1124_1st",POINT (2265413.6879249485 645979.6752676308),0.9728646271241033,0.7383446417451484,0.5471584347205685,0.2671941700050703,0.30079633415052176,0.3446286291259654
105,"1125_1st",POINT (2217261.9908250757 601559.4191429203),0.0,0.06688213561068282,0.07399328111080927,0.03419526453231281,0.1735263367609968,0.44745858670558714
106,"1126_1st",POINT (2150616.5936473575 614248.408433055),0.21204466745133144,0.345589549492617,0.7168842724842859,0.35715355935229187,0.8286516840206861,0.6543638344117833
107,"1127_1st",POINT (2228667.30464409 626928.1243001478),0.0,0.0,0.0,0.0,0.1558140841632241,0.46235205241158994
108,"1128_1st",POINT (2260824.7521681814 638449.5304039952),0.3205128575696049,0.35488526591242137,0.43129974123333115,0.20777409728474383,0.5005678758959671,0.5264091264570571
109,"1129_1st",POINT (2262341.304589512 697507.6224640321),0.0,0.0,0.006637460200692867,0.0030437053690087353,0.24485939849853366,0.29919580341387386
110,"1131_1st",POINT (2150525.1542528295 608578.214308534),0.21618905424487905,0.2933412424899271,0.5918137037161465,0.290522948256568,1.6936139365600238,1.7074299070166217
111,"1132_1st",POINT (2231639.714514137 628895.4771934566),0.0,0.15389384759557242,1.8842566628436273,1.0809924072737773,6.916636261383258,6.991807111221197
112,"1133_1st",POINT (2182458.002712844 566791.2049251918),1.8176266507055545,1.6199451970700687,1.2818881548831194,0.6832642583882363,0.4962032588854662,0.3217768357568041
113,"1134_1st",POINT (2116942.9008863866 640235.633301064),0.283589103661211,2.68379016797083,3.839087564380179,2.8268356984599885,3.2213071043133668,2.1066950959113377
114,"1135_1st",POINT (2162487.834037524 598743.226398901),0.0,0.0,0.0860600778217312,0.03982727650016595,0.10242372706250305,1.771046022082952
115,"1136_1st",POINT (2190124.06085021 626937.3169729637),0.0,0.11635465517283852,0.8569166180991981,0.4340676635271037,1.250409315503447,1.474683942762397
116,"1138_1st",POINT (2136384.174325476 630194.6659228061),0.9442620371772475,0.945219522312152,1.024582325719815,0.5294822843810673,0.8983300413609732,1.134519848444814
117,"1140_1st",POINT (2262938.544507076 690350.7889484619),0.0,0.0,0.03091677616350199,0.014217057590430694,0.104435404998305,0.24652509812672674
118,"1141_1st",POINT (2222024.49797713 592576.6182355748),0.0,0.0019212779531617128,0.27081715025281344,0.12804309086688087,1.4564618177654796,0.9268274032442958
119,"1143_1st",POINT (2223703.7382684373 625559.275592258),0.0,0.06587815132101867,0.2970701716045744,0.14088539894774804,0.5802642606097532,0.9030530082099176
120,"1144_1st",POINT (2269676.3986615916 647836.7213035823),0.0,0.0,0.14636363918642895,0.06820884552713799,0.254066425199732,0.41434156952594325
121,"1145_1st",POINT (2262625.698658172 700185.8681719837),0.0,0.0,0.006121137718349063,0.0028067711808441673,0.24827996156238608,0.5705270987492739
122,"1146_1st",POINT (2184721.556104253 561972.841406031),0.0,0.0,0.1277059930249656,0.05938557829065336,0.45164702201829693,0.9479300057050067
123,"1147_1st",POINT (2161225.68087765 595122.2206070956),0.0,0.0,0.0,0.0,0.04329129732523463,0.31616123100387816
124,"1148_1st",POINT (2234196.834200034 688096.804113667),0.8358807383443636,0.6784396426607598,0.9057574376485487,0.4614826287498376,2.5688152930265407,2.9885647636404746
125,"1149_1st",POINT (2189261.998270001 568230.1209723112),0.6358612115835578,1.4847614491678387,1.5469370082713296,0.8514942217758407,1.0805304986162567,0.8089745476186687
126,"1150_1st",POINT (2152900.4481120273 660213.0697947829),0.3293215893193904,1.1926406146387891,3.3545211640750203,2.3182926183248247,4.909671837799536,5.8540939791346025
127,"1151_1st",POINT (2163789.202651855 594807.7626567921),0.0,0.0,0.0017446205421333596,0.0007995709019463,0.13587676434871612,0.21875733576821124
128,"1153_1st",POINT (2213204.198433554 599965.414647616),0.0,0.06252921018939171,0.1047147751803765,0.048564954767123567,0.17800270175921726,0.22626630054643776
129,"1154_1st",POINT (2149003.887406485 643487.6742270018),0.0,0.09014070675006024,2.092199462857558,1.2316104304491007,4.85283190641743,5.710986779992357
130,"1155_1st",POINT (2241623.565935343 624977.2953135122),0.03931199740807307,0.5064509466324582,0.6202129663872715,0.30548454472083864,5.296049993862359,6.100470816775117
131,"1156_1st",POINT (2265940.324047475 685366.531001826),0.0,0.10798984431735574,0.29721772763253734,0.1409577992061282,0.29824926517536315,0.3837828336999461
132,"1157_1st",POINT (2218975.9905727883 592908.931635032),0.0,0.0,0.0,0.0,0.02647108741059547,0.09346438508368964
133,"1159_1st",POINT (2226325.2757345694 623721.7600773905),0.0,0.0,0.027356291089357773,0.012574609698274872,0.13365212562734585,0.232355296148209
134,"1161_1st",POINT (2259895.634963897 698804.0661463398),0.13899223750004863,0.4159956446528881,0.6573923073806194,0.32522022235013914,2.0741632060741635,3.067666755894391
135,"1162_1st",POINT (2192413.2859016797 562473.3223629706),0.0,0.0,0.02961966114179452,0.013618543915813327,0.5728053634211882,0.9956993432050044
136,"1164_1st",POINT (2213716.8215606343 644551.9417843495),1.0082064507132935,1.8280118086151098,2.2943430771827935,1.3851057444073551,4.882050564932453,6.276195810076688
137,"1166_1st",POINT (2140106.8158147344 637165.9377320827),0.3925725342599886,1.4020727428334068,4.3801953179716335,3.4659779717261063,3.702477662931416,5.186895837094896
138,"1167_1st",POINT (2163790.711258277 593273.8157000083),0.0,0.047273403968536354,0.34005979503114847,0.162083193437661,0.7391986607652214,0.6748247317665456
139,"1168_1st",POINT (2266390.4957973994 680004.5074824065),0.0,0.010229504234098692,0.464591585429261,0.22468638071483063,0.5405200392091742,0.6562238674825526
140,"1169_1st",POINT (2211850.324572398 604506.2433991432),0.0008339010677685,0.23381129013432364,0.21263604705538208,0.09985753368983948,0.32573443504840294,1.7437690531986774
141,"1171_1st",POINT (2219405.131228192 616470.0242079084),0.0,0.01081641556428207,0.5935802603362819,0.2914507731660659,2.428784784020443,3.2131453862398147
142,"1173_1st",POINT (2217768.377692269 602792.6108325027),0.234892358268197,0.2846848634990048,0.2513292410320571,0.11856017937872618,0.8720446797945134,0.4920630737752594
143,"1174_1st",POINT (2141717.0822524005 628429.0575951678),0.29719485567796944,0.4397483586795955,0.47304834898378506,0.22900311203761164,1.8779230219901772,4.147615997494713
144,"1175_1st",POINT (2227625.8155109514 623254.8265209321),0.21986312507849468,0.15389744557736207,0.09017899275667733,0.04175330876343857,0.11883930597134633,0.2835200066533864
145,"1176_1st",POINT (2262580.822992462 639524.136414723),0.0,0.0000062016652352,0.07528705171496322,0.03479836555184563,0.14527305231457724,0.2863355247162672
146,"1177_1st",POINT (2265204.0346881975 695702.7977170368),0.22225525096106913,0.4321761825455059,0.6242458959415162,0.3076171592310689,0.4409557256921416,0.3364689537140955
147,"1178_1st",POINT (2114577.8373871236 634106.9948366168),0.09603292787661295,0.32474826542680796,0.6253470005420186,0.3081997679614763,0.4717607610612265,0.623462078721774
148,"1179_1st",POINT (2157368.783860057 604750.7366479739),0.3164402279998787,0.38655759666849193,1.7771626325570158,1.006189927363129,1.1538528054817727,3.10825284525678
149,"1180_1st",POINT (2196601.648556185 643497.1262648405),0.0,0.0,0.5420654433106616,0.2645486994773416,6.722333085265825,8.499741845359958
150,"1182_1st",POINT (2137784.8059170013 636599.195413202),0.0,0.020306656138297706,0.4714747615558401,0.22819924207676245,0.5232021431719529,2.1269906611067384
151,"1183_1st",POINT (2252705.09774831 638235.0757693729),0.3129594512761278,0.3920442893092505,0.9328751242545917,0.4768377671810313,1.0317575386893065,2.220503139294649
152,"1184_1st",POINT (2259646.667384525 694541.1327451731),0.06680755550381914,0.23286365048392377,1.866524204807781,1.0684789576113933,1.105822967842957,3.0975695175142857
153,"1187_1st",POINT (2224936.968343597 617782.0865233787),0.2842893453063995,0.2563853906881573,0.2424996656595849,0.11427765244075636,2.3135669714506726,2.188166517503997
154,"1188_1st",POINT (2265284.3916894174 645129.0410669576),0.5969931630454124,0.526690450423481,0.33965491227637346,0.16188256902430628,0.2818897397527552,0.2888388806649211
155,"1189_1st",POINT (2218769.5706346845 598463.4011237794),0.0,0.0,0.03741769227427191,0.017219399101307802,0.4776927803350498,0.28196287282646737
156,"1190_1st",POINT (2148386.2625203957 615831.1083595064),0.35062265002085863,0.47026867029876684,0.26763115535202725,0.1264898590917951,0.37231222947227366,0.647873751339942
157,"1191_1st",POINT (2227846.477853956 627713.5601981289),0.015834518257018995,0.19944023771368222,0.3745074297869577,0.17922109612774323,0.48300578353158363,1.335900559783738
158,"1192_1st",POINT (2260883.2679541954 640170.1550127851),0.0,0.06169390244062691,0.17866001191288017,0.08357179835061393,0.3742988856063989,0.5262270856197773
159,"1194_1st",POINT (2183502.5452979556 561054.6422957183),0.0,0.049427623320446375,0.7425175012104319,0.3710480553161189,1.8087435962930962,1.5842468683738684
160,"1195_1st",POINT (2122911.2278091707 663924.8067968956),0.286158656040915,0.40807864443127895,0.6691626238981314,0.3315034788080195,3.2684369430118303,2.685249182218911
161,"1196_1st",POINT (2232814.3772254465 626641.9825932406),1.0082064507133142,0.8918995063758277,0.9455880237037407,0.48406940537087007,4.725503252271608,6.398455821442031
162,"1197_1st",POINT (2181270.8495958513 564470.6271626902),0.0,0.0,0.0,0.0,0.16333646875096222,0.2858727421424695
163,"1198_1st",POINT (2113922.8387680603 645729.9764340877),0.08825501551593007,1.1522137063460702,0.9691051568900809,0.4975028791975099,0.9786686225655503,1.8336217037534897
164,"1199_1st",POINT (2163487.5244148183 597774.8513340643),0.0,0.0,0.0,0.0,0.04791410829609843,0.16401617197725576
165,"1200_1st",POINT (2184273.149535949 648859.3067971457),6.618139967027441,7.602733283034457,3.9623641505795657,2.965522946424652,3.8202683531044745,5.860663611975774
166,"1201_1st",POINT (2210442.980552285 601609.8249254412),0.4854958790152397,0.3109630388859184,0.23753420033564487,0.11187312113670193,2.560929550152808,4.053055689742201
167,"1204_1st",POINT (2264870.184144239 691515.2805655461),0.0,0.008082695193000098,0.10502167574423958,0.04870901803903923,0.10837586600313151,0.16351918553735859
168,"1205_1st",POINT (2218787.125498551 590994.0264267765),0.0,0.0,0.037426883900872156,0.017223647285780276,0.11743369149627571,0.13181399349457015
169,"1206_1st",POINT (2152660.554128129 650088.8532342231),0.8951094731146456,0.8207471935539862,1.4295691019946153,0.7757313123585886,3.649067502392956,4.8077771657029995
170,"1207_1st",POINT (2226536.9484094004 619107.3876231089),0.0,0.02678005727838805,0.45210455602553734,0.21832776094274375,0.6932280200170488,1.1886483983730614
171,"1208_1st",POINT (2269519.608991586 647222.5691178341),0.3259433919414003,0.2987506012521289,0.13449193611116858,0.06259028964174192,0.21558857427960393,0.3724860834550736
172,"1209_1st",POINT (2262406.9547725716 698842.1568789788),0.058504799262920175,0.149650540158135,0.2268709226250845,0.10671870058084043,0.19700273259918247,0.35261483121535586
173,"1210_1st",POINT (2185037.06024394 561771.6468856756),0.0,0.0,0.1396473233701947,0.06502830842635907,0.5427238990600489,1.011445448037172
174,"1211_1st",POINT (2155524.5812221086 604197.0101596428),0.0733134984984425,0.38212107268761664,0.578081268003015,0.283323300165724,1.169423440590556,5.306613712441558
175,"1212_1st",POINT (2232843.2401786763 690938.6559211009),0.314657401110517,0.39048833868072286,0.9413181074344603,0.4816381339336302,1.577656241455134,3.7770761000683164
176,"1213_1st",POINT (2192405.3122275565 565391.7525690442),0.9583799151330068,1.324485800215557,1.3057939989239644,0.6980198797684379,0.9778235440278944,0.8154572350048616
177,"1215_1st",POINT (2162040.325435082 595642.5352236887),0.0,0.0,0.0,0.0,0.0,0.0601217394737599
178,"1216_1st",POINT (2210071.5364396805 621810.4842318632),0.0,0.0,0.10066623591746378,0.046665468374112645,0.33132823645923004,2.303203606455287
179,"1217_1st",POINT (2213029.4323648717 597168.9220320112),0.06329905630088577,0.14699208022383456,0.2060121093162951,0.09667247487239514,0.3040615936536917,0.2824699592761597
180,"1218_1st",POINT (2145839.6690311814 643074.1230920925),0.25296274146023096,0.3193308258543945,0.3902418388172235,0.18709439797763122,0.6328832897281134,2.961834143707889
181,"1219_1st",POINT (2238686.0232285643 626026.16128983),0.0,0.006539797355463133,1.2325388953524714,0.6530596579714663,6.319775210299461,6.977803207664792
182,"1220_1st",POINT (2265409.060602595 685818.7004349636),0.0,0.07373460009166423,0.3825267706212856,0.18323030985684963,0.44962757992567354,0.41842641026117317
183,"1221_1st",POINT (2218194.984062941 592959.0805962394),0.0,0.0,0.05886560610111742,0.027156699705056804,0.13545372078307033,0.13235881408773528
184,"1222_1st",POINT (2137318.344632364 629621.8946288503),0.2719456867256226,0.38656282559614086,1.7082046212497282,0.95899162063654,1.1405793514843916,0.982557556854729
185,"1223_1st",POINT (2225960.66311572 622406.0776704631),0.4419556024227658,0.5148847371102981,0.3858740898742888,0.18490597005636839,0.30095199222207153,0.31125478422827674
186,"1224_1st",POINT (2265954.4842628553 639758.979052306),0.09495906742497702,0.05179846099962782,0.20600630744767076,0.09666968722668999,0.2691265855490135,0.40616408313539193
187,"1226_1st",POINT (2118558.8706473713 634893.1596115255),0.0,0.0,0.021903474050416656,0.010061839875588825,0.4359437668292832,1.6637052697167256
188,"1229_1st",POINT (2185867.6477620313 569106.3766905988),0.0,0.28899311816272744,0.67441741773753,0.3343141075024198,0.4325995953127232,0.42592707275115804
189,"1230_1st",POINT (2144409.892642905 639860.7412159881),0.3568072044414855,0.3834192485587884,0.6845107582833783,0.33972227580100345,5.284085244251426,8.786918561069472
190,"1231_1st",POINT (2254606.601338418 638647.637021905),0.6136646932964006,0.6606647998566963,0.6895183980929108,0.3424101152906975,0.9020916548915524,1.0754278037154772
191,"1232_1st",POINT (2264355.654360025 688863.3260045322),0.0,0.07357605867612488,0.29195354047698696,0.1383763791717917,0.28357467534684716,0.2679097268784266
192,"1233_1st",POINT (2212389.458474456 603353.0299952559),0.20127266200002614,0.14955451678770368,0.08085695617285006,0.0373968716534299,0.20329096373366623,0.30636031609918984
193,"1234_1st",POINT (2149747.1828306364 647122.085146489),0.11857567710395209,0.16658471527548058,0.566035153806156,0.27702647403883396,1.046328207781977,1.056671488336777
194,"1235_1st",POINT (2216973.612265487 611613.0762958421),0.0,0.0,0.0,0.0,0.11085756750349092,0.25828860723633873
195,"1236_1st",POINT (2264878.547770814 641808.0631440233),0.5106688777557209,0.5523046936517728,0.4543863281290229,0.21948831555140585,0.30005793783468426,0.29576473449968466
196,"1237_1st",POINT (2216241.2704350916 598783.2765055094),0.0,0.0,0.0,0.0,0.06528055459825263,0.07770575395177905
197,"1238_1st",POINT (2142318.9099611347 626793.7696595567),0.4992622895810579,0.615838834798205,1.967745785134659,1.1406005335472909,2.3211364107894843,1.8452460045379457
198,"1240_1st",POINT (2263677.118949571 638706.8356012808),0.3306261633086992,0.2920830813574814,0.18896142638376148,0.08849612439106783,0.23730154620745483,0.28710603260309686
199,"1241_1st",POINT (2189931.744801621 582092.8969164939),0.0,0.0005900930523838,0.451341270072005,0.21793967462891747,0.4512612538578082,1.2536708765497553
200,"1242_1st",POINT (2114894.7095577233 638361.0911547191),0.4957534014656447,0.5813896407943439,0.9118129267765269,0.46490318350799475,2.180173744187551,1.5859095938950603
201,"1243_1st",POINT (2172103.2107358235 598159.8651616115),0.3446671837277068,6.307014731499202,4.321402152549013,3.3926146818926988,5.659984496689985,5.553166169593484
202,"1245_1st",POINT (2185697.154663507 564845.4947160288),6.127922183421971,5.654996467878326,3.4189248485891865,2.382658505423422,1.2275614843276696,0.6745172998534237
203,"1246_1st",POINT (2137154.118835349 636959.1096836481),0.5179540359230251,0.4267513092572015,0.8914820037698756,0.4534377361704692,0.7915651816198841,1.886600553990665
204,"1248_1st",POINT (2261354.9690580284 693374.0773092351),0.19511337267934584,0.15800719484756226,0.1084496953635296,0.05031886889838846,0.23396317081400442,0.5090350630605107
205,"1249_1st",POINT (2177859.3167246063 596573.4771742154),8.090835468388388,5.462066306039364,2.6618076219806674,1.6831091888128642,1.359208991748662,1.346954512450203
206,"1250_1st",POINT (2152889.9182698154 609616.5212069405),0.1526438147726174,0.6836864723641733,5.346901021634066,4.826213397457351,4.888565865805435,4.31228815612166
207,"1252_1st",POINT (2265587.2595468466 640836.6495961222),0.0,0.0019299530413774573,0.18910113692148095,0.08856298973109815,0.4002138240828368,0.3183658068305905
208,"1253_1st",POINT (2180010.9311952507 562262.4221279683),0.0,0.0,0.4167147969598194,0.20040567563017042,1.0232293599786744,1.5690412194804217
209,"1254_1st",POINT (2147987.1335264035 614505.4702938696),0.3486472033091606,1.1424584671092375,0.49082172957771164,0.23810292808069905,0.31747031845754065,0.5177503538729926
210,"1255_1st",POINT (2227458.3803397478 625031.1773135905),0.0,0.0,0.05050007717759178,0.023274923249686937,0.059382019083661676,0.3084135859143479
211,"1256_1st",POINT (2263223.735743516 636766.3470061485),0.24591889169257186,0.3254439133025821,0.6288701133852561,0.3100648854155931,0.5547816532543169,0.5403117941491652
212,"1257_1st",POINT (2264000.16598471 701430.9043008649),0.0,0.0,0.34973241845182157,0.16688166301271481,0.5892069151792522,0.45304204271487575
213,"1258_1st",POINT (2120726.0969532225 638754.5714404033),0.015665686624078166,0.13849214446393207,0.31068467470188166,0.147575897488648,0.4220330186205652,0.7026505628352495
214,"1259_1st",POINT (2158239.3855349463 601642.3177693016),0.0,0.0,2.9799379931864256,1.9622724561871028,8.51270664501694,7.958571219534698
215,"1261_1st",POINT (2187927.0876075584 565900.5591110311),0.0,0.0,0.0,0.0,0.6286743056710143,0.940601919214918
216,"1262_1st",POINT (2145609.074723626 640514.5272048162),0.0,4.9152330945995715,6.41284210968222,6.722389588909009,7.811028307056624,8.362767012843813
217,"1263_1st",POINT (2250458.1429739078 638499.9928362896),0.012510130724648624,0.4135230085004726,1.0075420352084654,0.5196160311894369,1.0410850710158899,2.220609433903959
218,"1264_1st",POINT (2262315.733344398 688692.3679629273),0.0,0.04307441882859245,0.21344849692927065,0.1002485272176916,0.2830017766919806,0.44633105244237825
219,"1265_1st",POINT (2213303.3503215737 595907.3610350386),0.04390420833730385,0.9694270470848022,0.49661766044377564,0.24107845554647717,0.21445329137762206,0.27371698014037565
220,"1266_1st",POINT (2154000.720396909 614048.4805915715),0.19720210629915297,0.7538431222668383,2.025559141084954,1.1825537630808576,7.052126374623423,6.730297401492312
221,"1267_1st",POINT (2221893.1139575397 615118.8910533218),0.32776368604343886,0.8017458047292212,2.082426856295,1.2243692297034712,3.6582374421008175,2.248660589952437
222,"1268_1st",POINT (2268233.842357938 640636.4606953467),1.5355625044791856,0.7501517742004484,0.44952953146844343,0.21701878443911332,0.5938719018263496,0.73677460716588
223,"1269_1st",POINT (2216350.5305627547 600438.6440815907),0.0,0.0,0.0007620298658934,0.000349203718735,0.11107140239145323,0.11909390436649797
224,"1271_1st",POINT (2228172.100143036 628558.8064160541),0.1101640159108474,0.3128493860972221,0.5807400898524379,0.2847154919893357,1.2987397921705404,1.4957291579281562
225,"1272_1st",POINT (2261099.087019154 638671.5170462879),0.25583075170753444,0.15886272310122598,0.2849133183094301,0.13492892485483715,0.42773779447745874,0.4811387033237994
226,"1273_1st",POINT (2260892.673178327 695143.0582673833),0.0,0.10751163445617405,0.29407595147229965,0.1394167777041958,0.7309743161549298,0.4961086637239398
227,"1274_1st",POINT (2186031.5710369977 564072.444145906),0.0,0.0,0.9203626408518228,0.46974077514324625,1.32212047274616,0.669028603709091
228,"1275_1st",POINT (2160066.1711082463 595801.5651458541),0.14848923217014737,0.35543360935254564,0.1737332371943018,0.08122080633028982,0.4875096095873027,0.5893292196493571
229,"1276_1st",POINT (2234992.274049117 686480.4579593375),0.19893279640549485,0.4037117874199998,0.7465785244957077,0.3732568688867972,4.288168834208925,5.7658899089347715
230,"1277_1st",POINT (2181034.0055955825 567601.9943631048),0.11795832904235978,0.18620031891448535,0.10192881308863562,0.04725765207746335,0.49934378222835224,0.581278166071454
231,"1279_1st",POINT (2169718.2874323777 595228.4635935463),0.0,0.0,0.13772646644387704,0.064119583426439,0.3127163112802933,0.5092522353723262
232,"1281_1st",POINT (2211891.461733082 600997.78194406),0.0,0.03175036335330836,0.34468771320805547,0.16437771336057488,0.22980579019979958,0.8822243905325369
233,"1282_1st",POINT (2148911.2410921175 645953.7775300862),0.6095678285521061,0.8942257405615144,1.2930590573615524,0.6901492672868007,1.0567601033447294,1.3699970129440675
234,"1283_1st",POINT (2242910.061339927 626475.0402793605),0.0,0.010062851720686381,4.203108124691176,3.247980639688438,5.024860345722811,4.8062778946260245
235,"1284_1st",POINT (2260884.3866384397 690904.9382896097),0.01020226766632084,0.26300559919751887,0.583044054835123,0.2859225658672183,0.578921226321375,1.5203073704683543
236,"1286_1st",POINT (2153039.2956795986 646837.9125589753),0.06535204244777328,0.21100619052966346,0.40965698666694916,0.19684889252174095,1.384474387594023,3.098944472420262
237,"1287_1st",POINT (2225018.6799058076 623478.1635426398),0.20561086161781206,0.13423066258250677,0.06768311195926505,0.0312563048781951,0.16112382428994076,0.2933617702159905
238,"1288_1st",POINT (2266042.458669755 636655.48555146),0.4954779979241464,0.4942759828674365,0.4180822416170494,0.20109546798646832,0.5160061759359371,0.5566348939838339
239,"1289_1st",POINT (2262211.1434675236 700967.8796864016),0.0,0.014926403234570701,0.20035618415694767,0.09395671814141865,0.6002098162724967,1.3016841534288748
240,"1291_1st",POINT (2161013.490791687 602378.5999307499),0.0,0.12236594228655251,0.30784365631406513,0.146178019604354,1.118362051088397,3.1771975492272992
241,"1292_1st",POINT (2215128.563826729 641676.9185902954),1.0424737093316974,1.396459273042593,3.289695128208179,2.2544614083802683,6.494043085868848,7.590118385594903
242,"1293_1st",POINT (2184944.44872698 568376.6011842075),0.6195600369470458,0.5313240916163687,0.3364306394294852,0.1602855693095906,0.34720288856845494,0.39910690822074485
243,"1294_1st",POINT (2140447.590750077 637838.8248776236),0.24424867027179745,0.36480774489389645,1.1725204204442123,0.6167844306595417,3.423461446801825,5.902305680519819
244,"1295_1st",POINT (2248564.2276293584 632042.7173970971),0.21965735493196725,0.39975934676637537,3.548929635755935,2.5155315998003993,5.158583726057917,6.319134816314312
245,"1296_1st",POINT (2261735.0152314887 687165.6685452703),0.0,0.056965609384364076,0.31383027645980177,0.1491247079058727,0.5306166547912459,0.7017945745592246
246,"1297_1st",POINT (2212536.9255345985 605056.1401022117),0.03225073530243112,0.21199540499306396,0.22034821517637182,0.10357198374928403,0.3939949972264683,0.44097833818507226
247,"1298_1st",POINT (2149158.8347135433 646571.4372752303),0.27125453705255814,0.7312071031841106,0.7325031275230699,0.3656099991869057,1.007007038764995,1.0023497171960536
248,"1299_1st",POINT (2217516.0718642743 612525.9994470432),0.0,0.0,0.0,0.0,0.03181036928285498,0.18329865737704765
249,"1300_1st",POINT (2264103.244101146 641958.7991834162),0.014184549789321436,0.10677388534685742,0.23282698737986854,0.10959618582633436,0.2229202466450629,0.2773049482866833
250,"1301_1st",POINT (2217446.8790691774 598835.8533566595),0.0,0.0,0.02327796052053329,0.010694934036256976,0.3379928346325292,0.24861379164310105
251,"1302_1st",POINT (2142775.5622288324 625131.9350501263),0.17887652021677902,0.21551221726365477,0.6252507677300934,0.30814884404119447,2.800342726590065,5.427414911636533
252,"1304_1st",POINT (2263424.406118632 640070.1736804532),0.0,0.003434761053625532,0.07618284112497119,0.03521604988379565,0.16415930567163356,0.23331330598036976
253,"1306_1st",POINT (2117170.319358454 633208.4053376348),0.01641130426617559,0.15274736458657923,0.40228602278519165,0.19314046111179856,1.8339739176971759,1.6652234982449343
254,"1307_1st",POINT (2159032.814569423 604118.992568429),0.005212347815810688,0.3384998858084526,0.36553582813839613,0.17474457140542834,0.7521070506917469,1.6269155760342804
255,"1308_1st",POINT (2196964.7952992492 646820.0840590389),0.0076584111146517295,0.02407542629315095,1.2306517764436544,0.6519114314645588,10.583932704920498,11.60377152344303
256,"1309_1st",POINT (2186097.181268869 566849.4401294126),0.0,0.09166383103523086,0.12486596888787979,0.0580458417520622,1.3017947376301264,0.716222021009171
257,"1310_1st",POINT (2139569.5829127007 636728.4902386859),0.0024781528877576365,0.2396445801297286,1.5154592705233974,0.8309734806123492,3.6033764654774374,3.9572833870518407
258,"1312_1st",POINT (2261660.4874718473 694569.4308977613),0.0,0.0,0.06578366607695407,0.03037247428168488,0.16805790204101695,0.4931398660990565
259,"1313_1st",POINT (2196928.456469866 596846.054403416),0.3840533003056914,0.5048473840913664,0.6605187889938663,0.32688754714355805,0.6258385483825166,1.129981361965051
260,"1314_1st",POINT (2154778.165702044 607991.4981173149),0.0,0.9786821690464321,1.9564289785899482,1.132453462229242,3.7048595667888744,3.708779313226799
261,"1315_1st",POINT (2224347.85483735 615877.3888641029),0.0,0.0,2.3390825588233213,1.4200545964598574,2.8213515738327684,2.8805638672682705
262,"1316_1st",POINT (2265561.49122747 643131.9815621601),0.0,0.04823429611526618,0.13586125520966474,0.06323756800795582,0.37276616078569136,0.32858444583021695
263,"1317_1st",POINT (2180511.2312466684 563563.9437638541),0.0,0.0,0.0047423467061143264,0.0021741985685020454,0.20723362265848452,0.5699274275368557
264,"1318_1st",POINT (2147197.074457699 616623.8053078019),0.0,0.19308236555746816,0.3210747214763745,0.15269594912819262,0.3841795236586684,1.2173569560052164
265,"1319_1st",POINT (2228555.241638678 625371.0106946),0.0,0.0,0.0,0.0,0.1386769288042547,0.299634928211848
266,"1320_1st",POINT (2262566.702734209 637548.9815901464),0.0,0.1043727110640715,0.21512632123461273,0.10105621588645151,0.5048547023822899,0.4639378918646165
267,"1321_1st",POINT (2259926.314175852 696964.1934660083),0.0,0.030580648655160744,0.21867048109010212,0.10276336681774084,0.9303119779351019,1.204873511771871
268,"1322_1st",POINT (2186855.07351971 563074.2993527186),0.2390643679190489,0.29072474769162987,0.47307253008662964,0.22901546726985186,0.20373951710460253,0.8290499237745059
269,"1324_1st",POINT (2237380.008600831 627217.5502876351),6.0037652596857605,7.793344062823456,6.382227538629431,6.661189602520163,4.54304768119758,5.256242996432974
270,"1325_1st",POINT (2181665.0380016705 566554.601614904),1.2070392153955842,1.3100272018615864,1.062898457689378,0.551809053081028,0.47363453933357236,0.3085615070455443
271,"1326_1st",POINT (2153742.383731959 659421.5941764864),0.17500678595223004,0.3906374889293698,0.9552163980368868,0.48956053936720256,3.5877161298254245,4.675822202639431
272,"1327_1st",POINT (2169312.098063331 593858.7000174376),0.0,0.10130466562209611,0.4815258565600429,0.2333388769942702,0.4022069781235009,0.4942801715198307
273,"1328_1st",POINT (2184662.2658794243 648578.6065783807),0.874514782681262,0.7219985962201356,3.9007763666106032,2.895744064278849,4.284000437303334,6.2735840682052535
274,"1329_1st",POINT (2215026.9393962673 601980.8465110111),0.01702162214559409,0.11852394645811196,0.12077951141048157,0.05611965656239933,0.11669543193607115,0.13624993442492567
275,"1330_1st",POINT (2135782.897586226 633783.1191103448),0.0,0.40155692551595984,0.9979977055830836,0.5141067965511127,0.7426387066001214,0.5617996313376055
276,"1332_1st",POINT (2262653.010686273 691976.1528786279),0.0,0.0,0.0007384729586069,0.0003384077389442,0.09520776759665353,0.2427908378414913
277,"1333_1st",POINT (2224067.5959517886 590663.5201813963),3.8359377884496295,3.792988353108494,1.9027638013561834,1.094107138431034,0.8220859125349136,0.7553787234876255
278,"1335_1st",POINT (2224931.1149687325 619097.420127688),0.0,0.4310390578445764,0.4502489885951982,0.21738443194092044,2.4268395480666096,1.654909272517956
279,"1336_1st",POINT (2268414.2602813435 649212.8328606704),0.0,0.0,0.1695987829091779,0.07924995630715266,0.36099074150277255,0.3603512292847004
280,"1338_1st",POINT (2189760.012990154 563148.2761561262),0.0,0.0,0.06018580392393555,0.027769981890442767,0.5046476576454579,0.7966731709612009
281,"1339_1st",POINT (2152673.5416666795 605971.2263263938),0.0,0.04799989666323756,0.23387173816978343,0.11010133123573133,0.8884507579775183,3.3739499031724107
282,"1340_1st",POINT (2232523.2663245094 690173.521889755),0.6660454788670983,0.7385207165769679,1.3199452588814244,0.7067929383455154,1.4439535637551895,2.26067700462846
283,"1341_1st",POINT (2194107.810694493 566912.5008146757),0.0,0.0,0.009356319128870427,0.004291821900028407,0.576202033164252,0.7413933444392677
284,"1343_1st",POINT (2162303.907138418 596686.7385911869),0.0,0.0,0.0,0.0,0.014149714839266834,0.07154189384221724
285,"1347_1st",POINT (2238843.573855149 625441.2887536386),0.07227118005312555,0.595727153730206,3.724179377293737,2.7010602852226513,7.642936451843692,6.86155039260375
286,"1348_1st",POINT (2265324.1757378927 690883.2149788234),0.03309267258410322,0.16113572529430137,0.16987302205951085,0.07938062507927579,0.15385789089198965,0.16428745062756855
287,"1349_1st",POINT (2217806.4309604713 596230.7082482474),0.0,0.0,0.0,0.0,0.03428081273095514,0.03477630643567957
288,"1350_1st",POINT (2138743.2445391957 629500.8175240785),0.17720578279504606,0.4059795040654556,0.8576065156705048,0.4344527688649665,2.1268811939612453,2.547553753180185
289,"1351_1st",POINT (2230196.289473914 623126.1103299431),0.31436609794935244,0.5584262898925839,0.6255453771509879,0.30830474730345386,0.5745444041104115,0.8968608645787924
290,"1352_1st",POINT (2265434.1305562896 639694.2114105077),0.12240756191442187,0.1750792144424314,0.20142056641785713,0.09446752324960538,0.28089685739828907,0.3610590521216993
291,"1353_1st",POINT (2262195.6748432354 699335.1477211667),0.1727821944795251,0.15465031447506955,0.252366982587777,0.11906407755374165,0.23446958110955288,0.4594997825666431
292,"1354_1st",POINT (2189034.730788076 562427.4597858301),0.61307794569798,0.7872114013784738,0.8876835565961112,0.4513015792725953,0.6023159703301004,0.720554638739278
293,"1355_1st",POINT (2154785.2732726275 607783.8663408001),0.08604039427178252,0.41429773043966084,1.352044073621603,0.7267988440037877,3.5876528375430694,3.4771633876991634
294,"1357_1st",POINT (2191156.275884921 566276.4493660252),0.2797184984602474,0.4404346811201137,1.340567810695616,0.7196291606567397,1.3892922658764322,0.9343028410550527
295,"1358_1st",POINT (2154124.3357412866 653641.9006468339),0.4553606556982971,0.3243366750422917,0.39964631139175927,0.19181391657485622,0.8355937597488233,2.6172133767789143
296,"1359_1st",POINT (2167050.047277335 595242.6432603552),0.0,0.24416854206849678,0.06428521632221106,0.029675503781934363,0.025943865655922126,0.30684392545885564
297,"1360_1st",POINT (2259095.9837728506 699085.8380084245),0.5262454218559517,0.5971998364490954,4.208024655460278,3.2539137741222763,3.6220831388497876,4.904132896399933
298,"1361_1st",POINT (2216009.7143904264 598857.4009033982),0.0,0.0,0.04248693306164155,0.01956366538618485,0.08047073291645693,0.08126588145910066
299,"1362_1st",POINT (2149286.7351019876 648875.2443928664),1.5562978990091403,1.087191616986154,0.7057850385241021,0.3511626140452756,3.8092432384555575,3.180319752965156
300,"1363_1st",POINT (2217590.991363814 613506.9423567449),0.0,0.0,0.049601217716509674,0.02285827877708868,0.07307463937786493,0.5731885178268843
301,"1365_1st",POINT (2221165.4667634903 594812.0581732164),0.0,0.0,0.048031452982690806,0.022130859226837104,0.5710049053682965,0.6905740761480934
302,"1366_1st",POINT (2145051.948338074 619369.7757269101),0.3746469435508385,1.8167381551597663,5.091647184865935,4.437140515120535,5.290816678629171,4.235561543478615
303,"1367_1st",POINT (2228708.1101448457 621659.6637458055),0.3261280322157262,0.3512968336859134,0.517762761962348,0.25196770607587904,0.542008577041035,0.611040389876629
304,"1368_1st",POINT (2265375.9835524512 638633.1194584332),0.0,0.0,0.059142440148655655,0.027285284219727042,0.28910764881822826,0.4108791832582384
305,"1369_1st",POINT (2262916.790571543 695663.5361957641),0.0,0.0,0.05178139500195477,0.023868996103790764,0.1768681349793328,0.31101213080384227
306,"1370_1st",POINT (2182826.867450046 563070.7734548002),0.0,0.0,0.0,0.0,0.02712682325665499,0.3594145224067271
307,"1371_1st",POINT (2148305.143248582 609814.8528121073),0.36643194084038333,0.49203704407592697,1.7376033562367488,0.9790219751808273,1.3808158657372072,1.0577163649780137
308,"1372_1st",POINT (2230101.8200918515 628754.7263397996),0.0,0.0,0.15073603732636862,0.07028205635389774,0.384452624986658,3.576996838097748
309,"1373_1st",POINT (2190902.0582615607 580633.5014569251),0.0,0.0,0.0,0.0,0.07923561831871122,1.3097183300752784
310,"1374_1st",POINT (2113783.047751459 636240.9854308722),0.0,0.0,0.07583636303189942,0.03505448554562508,0.3979244075385813,0.5626691812420817
311,"1375_1st",POINT (2163567.252019701 598781.1390708658),0.0,0.0,0.0,0.0,0.24125247236366695,1.622966032857127
312,"1376_1st",POINT (2188901.280415854 625621.5710254118),0.0,0.004393451815685609,0.1545469603135277,0.07209074203902618,0.8648742863788318,1.8557576584308682
313,"1377_1st",POINT (2210456.5704036085 599175.9785454008),0.4030772487780968,0.34390418170042225,0.5112687834118366,0.24861781078234196,0.8100193190246325,1.1572393501234857
314,"1379_1st",POINT (2248223.193263792 626008.1981949457),0.0,0.11448454838705269,0.5373840804407817,0.26211977747727,1.5170800675470235,5.195459141313018
315,"1380_1st",POINT (2264697.853023487 693050.9280439998),0.2927840037101085,0.2808644957312763,0.35142484098974547,0.1677223521406374,0.2741416051483173,0.22046096704755808
316,"1381_1st",POINT (2221648.07143215 593869.7919559396),0.0,0.0,0.5214708141486937,0.25388273921973914,1.3275485014561976,0.7162208607839144
317,"1383_1st",POINT (2222508.49506416 624657.4800976162),0.3957062288772459,0.35771126271391074,2.608660508518688,1.6384331598723079,1.0889475435976665,0.8776652052598266
318,"1384_1st",POINT (2268279.102886596 647746.2836726113),0.2647816521685926,0.16251366465018918,0.1321796911801089,0.06149775255648533,0.1794019422884682,0.3274341437298373
319,"1385_1st",POINT (2190194.7715337477 582488.8379228244),0.0,0.030310614600251137,0.2588332628933695,0.12220663586077807,0.32604948588005855,1.4194716355563253
320,"1386_1st",POINT (2118169.8258792805 635692.3293642625),0.0,0.0,0.003021514983842083,0.0013849835077514472,0.16572612245413776,0.5263236024038441
321,"1387_1st",POINT (2166573.040942676 597767.366710686),0.2660374853569358,0.2365201338256489,0.23843798917553982,0.11231057710862405,0.6612605814291045,0.887766828303621
322,"1388_1st",POINT (2187439.412535281 625225.5625282722),0.8555517135939107,1.399143035706306,3.1242317381164915,2.0957919668739273,2.410084849178073,1.866887230552265
323,"1389_1st",POINT (2187132.7023359565 568840.9605921985),0.03914490910759123,0.13763078040620616,0.41069364663527563,0.1973709551746399,0.5022778735872084,0.6694917819226633
324,"1390_1st",POINT (2135596.658811704 636095.5568057924),0.0,0.0,0.0,0.0,1.2104027797353776,3.5744887264917184
325,"1393_1st",POINT (2179360.7041688696 596754.2492781043),0.46487478287507517,1.2918779661683533,1.6304816867487033,0.906684831019133,1.5243825894877292,2.0661590132759833
326,"1394_1st",POINT (2151127.612766738 609883.5772745761),0.29984821354135666,0.1892883069389932,0.12270227754370425,0.057025742357958376,1.0156925362098004,2.8207923188886586
327,"1395_1st",POINT (2224284.4606289156 626432.6938032926),2.7951243047057845,2.4006493403783504,1.2262453775422313,0.6492322788599556,0.743074483807501,0.770675322274011
328,"1396_1st",POINT (2267648.544842921 651243.835191409),0.22791468271375767,0.3220420968638629,0.34257392470711423,0.1633293945412286,0.3850256042215615,0.47298413301469167
329,"1399_1st",POINT (2228294.6766008227 626873.0632603414),0.0,0.0,0.0,0.0,0.1906963407751841,0.5164297724304328
330,"1400_1st",POINT (2264591.390782773 636644.7687954956),0.9513490511309991,0.851937871786582,0.9013712237947222,0.45900797171056296,0.4989821667804504,0.5206820908408896
331,"3362_1st",POINT (2218447.1437361934 598292.425468781),0.0,0.0,0.018222338390134936,0.008367280106724696,0.46178818675979666,0.26971596956530247
332,"3364_1st",POINT (2249819.790533642 639600.208765631),0.9041638723865075,1.2615570165045977,1.2759791609860627,0.679629498674698,1.5727806158312476,2.6979431687560695
333,"3365_1st",POINT (2161700.5281249965 597913.4076236591),0.0,0.003327468668417194,0.07189130164488777,0.0332157937903206,0.05240872092077195,1.5225200994009933
334,"3367_1st",POINT (2138492.3507883004 631987.663982652),0.01598250235683893,0.36314733090127416,1.2175829063982586,0.643973292405326,3.6452118459270153,4.800027400810672
335,"3368_1st",POINT (2224762.956421969 616854.709785931),0.0,0.09183549078374924,0.15134076957213347,0.07056895977879318,2.0675800430389906,2.484675183406332
336,"3369_1st",POINT (2262433.324374153 692479.9678580457),0.0,0.0,0.0,0.0,0.1311156495712647,0.23520281684461905
337,"3370_1st",POINT (2183951.450751408 564997.3597237278),0.0,0.06635078969625102,0.09983009666080256,0.04627339062486918,0.6563238066253156,0.7761693746336875
338,"3372_1st",POINT (2184782.0350072626 648674.4279948418),0.3950190606374657,1.5363673877844917,4.233460478779085,3.284716520655687,3.949535354425562,6.266376022658164
339,"3374_1st",POINT (2189089.452152063 596535.7698304636),0.3555181464043802,0.5876160506995821,0.6720576347286844,0.3330515109683261,0.7293407820337299,0.9577170626709754
340,"3376_1st",POINT (2234368.7807881134 687650.5094862335),0.21000938163199656,0.6845411298617764,0.9546715739640711,0.4892494970687847,2.417736214777511,3.3646604362780304
341,"3377_1st",POINT (2268954.466359987 640040.6158940261),0.13335875232016167,0.39481848837279016,0.5657876674874232,0.2768972893325958,0.6882772942916946,0.8360027140728677
342,"3378_1st",POINT (2218919.1908332636 605176.6684122981),0.0,0.0,0.016621373458709954,0.0076307461533570665,0.7124118710481233,0.7268250022408194
343,"3380_1st",POINT (2224300.184962003 626502.0936436184),2.8989181273340368,2.479264935841871,1.2553664212406366,0.6669887681889298,0.7504027631779209,0.773486942841241
344,"3381_1st",POINT (2170967.735633429 593697.7370293888),0.4064777328421771,0.5285364953821449,0.41249134872585336,0.19827657462496753,0.5515172848469572,0.5625294462804876
345,"3382_1st",POINT (2215185.2925317087 597806.8032115052),0.0,0.0,0.0,0.0,0.12108040065183741,0.15684413134548003
346,"3385_1st",POINT (2260048.0500832777 694167.0526442898),0.23274207912309652,0.1483926145220248,0.2044124400121641,0.09590401674830579,0.9125488102278214,2.9946087041868834
347,"3386_1st",POINT (2188592.438356087 568347.8506741765),0.0,0.1553877005228327,0.8183273996258845,0.41262402993544356,0.8989831349999594,0.7803352540233319
348,"3387_1st",POINT (2148276.972078306 615761.0582203157),0.20910633569172593,0.30070020874903547,0.25532596989274725,0.12050154005122365,0.3467823098876006,0.6290661415830913
349,"3389_1st",POINT (2268550.878197252 648813.7159901822),0.0,0.0,0.004920990501270576,0.0022561468533641126,0.32693114041169224,0.3569472767784109
350,"3390_1st",POINT (2191957.490364953 560891.407413433),0.7474539821486142,1.1706042609344443,1.316989087349745,0.7049579000957498,0.9100743181815683,0.9166847691345242
351,"3392_1st",POINT (2161352.304586621 602603.5862890565),0.0,0.0,0.36315434395883367,0.17355784397763185,1.1262449439099356,2.3059393702768345
352,"3394_1st",POINT (2218154.986892571 594951.7590310553),0.0,0.0,0.0,0.0,0.00572676041200937,0.06953943769078297
353,"3395_1st",POINT (2153712.0075271786 608777.5415809932),0.0,0.0,2.7676237021757597,1.773703878865853,4.591290460181069,4.29694496654599
354,"3396_1st",POINT (2224788.202860802 622958.2792810623),0.017365499496249506,0.12847749874310735,0.10339350908976223,0.047944850856399504,0.2028124999500515,0.3033075662687961
355,"3397_1st",POINT (2162084.689646001 596273.2383352794),0.0,0.0,0.0,0.0,0.0025240827039467936,0.059621891389194506
356,"3398_1st",POINT (2212101.9555682577 603801.923251765),0.038571982556210874,0.12527979401577094,0.07727717181303671,0.035726426002790586,0.21987302690168947,1.3570940058904624
357,"3399_1st",POINT (2149980.9432905614 649702.1669770054),1.0283720463327117,2.220519267832472,5.989517067505732,5.913232951477024,4.227939334685756,2.9155901859719973
358,"3400_1st",POINT (2230405.035594668 627125.6244405746),0.0003183466317358,0.153488856112362,0.2357698688747888,0.1110194037035804,0.37531041814885086,0.7990799973274793
359,"3402_1st",POINT (2190553.9267781135 580816.0991582089),0.0,0.0,0.0,0.0,0.15182508627067934,1.2410200926879715
360,"3405_1st",POINT (2260301.740422009 639273.9476193968),0.005086078040772258,0.20840550452144002,0.35948854371324257,0.171732394917226,0.48678947094959063,0.5915973226584346
361,"3406_1st",POINT (2189911.124719013 561681.3115132811),0.029032196117546004,0.7948630574945532,1.4024551643555416,0.7585180464947126,1.0183472198644339,0.7998528244269292
362,"3409_1st",POINT (2260596.710294128 696294.597035927),0.0,0.07236735799482437,0.5854855070683633,0.28720236991874876,0.7532864039098224,0.5988005319271406
363,"3410_1st",POINT (2223688.9169686716 592929.5026074768),0.0,0.06582806991943657,2.3324038862628997,1.4148145723923498,1.4977397724143102,0.9671439492657725
364,"3411_1st",POINT (2137270.822404171 630135.317085655),0.0,0.25533005040835843,1.1326647690029605,0.5929711373815916,1.1166737420315778,1.0724322708540799
365,"3412_1st",POINT (2217953.3113273876 614837.0336474695),0.5947807595177156,0.42018245165309326,0.18221251584240902,0.08526866209526762,0.5612078891903415,1.005145978791081
366,"3413_1st",POINT (2263777.893895931 688214.8224798047),0.04681616728229818,0.1661637052658395,0.20516337851152677,0.096264721552784,0.2964930216136634,0.3697442637863967
367,"3414_1st",POINT (2193787.649821926 567022.4434141708),0.0,0.0,0.0,0.0,0.5770235232743512,0.8013700097194097
368,"3415_1st",POINT (2145272.7569120266 640005.5636298152),0.0,0.0,1.6853261670036936,0.9434973019151245,8.37237217388456,9.29655275584035
369,"3417_1st",POINT (2264055.328284985 641619.3253484113),0.0,0.12403559301437739,0.21772027044831793,0.10230553265742752,0.235306180894849,0.2659816535460402
370,"3418_1st",POINT (2180918.6117434483 565720.8919707262),0.0,0.0,0.19494685939672834,0.09136267615381037,0.3037372922213353,0.42465326406209064
371,"3420_1st",POINT (2189018.3051566533 624536.8200474757),0.05623980651968331,0.2711126286782131,0.8922906462631847,0.4538927388534661,1.1447418230549558,1.5993787789276608
372,"3421_1st",POINT (2262265.911010791 637024.2119726186),0.3218382008960097,0.5169500347200199,0.4971048411534802,0.24132874639703372,0.5834323855832718,0.5471684533647334
373,"3422_1st",POINT (2183863.253001068 560722.6693945369),0.05108107046486386,0.5914400427863641,2.1816914053289014,1.2986845417213342,2.152462252451023,1.6255909761371858
374,"3423_1st",POINT (2242903.272239937 625152.2606213158),0.9904536663196619,0.9249760953417384,0.7039980034112049,0.3501994705272394,1.130198422824321,4.554635211230677
375,"3425_1st",POINT (2260800.9214784475 697718.2782874104),0.2718951459896426,0.2480525599597107,0.36640069066805225,0.17517570580245878,0.34032323602029785,0.9319449920321261
376,"3428_1st",POINT (2254100.608163034 638800.4042488942),0.17852187550353166,0.2982854728146709,0.5513309987027093,0.2693638528660207,0.9231423544855348,1.020279381340505
377,"3432_1st",POINT (2222395.2897253297 616439.603157375),0.0,0.0,2.8016292748067833,1.8032896310959077,3.251091822482718,3.13262391424467
378,"3433_1st",POINT (2263284.365739528 694706.0445371353),0.22776450964922143,0.1560975881497882,0.14401223581609646,0.06709476982989569,0.33355877175778814,0.25156823706806286
379,"3435_1st",POINT (2149648.050791435 623594.3250188056),0.14899728225224884,0.38277855182138876,1.150134897217933,0.6033824415235252,3.0889902704464878,6.401901656212545
380,"3437_1st",POINT (2269705.331234045 646845.9408052139),0.26532724110509753,0.1698797560891753,0.13626194872541106,0.06342701479315278,0.28272233576988426,1.0104466028691466
381,"3439_1st",POINT (2154993.325066811 652930.843984555),0.0,0.0008739192047678,1.224288752709874,0.6480434946269974,3.4783198559493957,6.168399781651898
382,"3440_1st",POINT (2233392.425504499 689297.6646061378),0.7916047040674011,0.7770501133836439,1.5428300130759198,0.8488083744182797,1.6066164867233046,1.9269983567084714
383,"3441_1st",POINT (2258755.6445962866 697598.5654586662),0.776827109769228,0.9488853498893114,0.6403277295809883,0.31614095940187525,2.369518672334753,3.571433522152394
384,"3443_1st",POINT (2124286.3797093523 663543.8509571565),0.9455319511472995,6.71033452137592,3.6664615981682473,2.6391284967363102,4.487752951694178,3.6043992723367815
385,"3444_1st",POINT (2225055.0655883397 625460.7662584011),0.0,0.026448951139570895,0.45335885724288183,0.21896564798627602,0.7021090833688581,0.4677405150855223
386,"3449_1st",POINT (2263267.42372911 689651.5496329039),0.0,0.0,0.05812278175344328,0.026811711445810328,0.10198977846848262,0.26626338642783415
387,"3452_1st",POINT (2208762.255462243 648305.7873446139),2.677392190516285,3.509089416599316,7.129395015660879,8.285254277202453,7.485138737260028,8.115888045078588
388,"3453_1st",POINT (2263847.16895546 637597.5518585719),0.5224850360422342,0.5968060019102668,0.48199493100896945,0.23357902920102866,0.3942426264925461,0.40224418723790784
389,"3455_1st",POINT (2151947.7892766492 661513.8538539424),0.9999186882672844,2.0656983645063254,8.374490097383553,11.696805200795142,8.129125223709393,7.211560681216319
390,"3457_1st",POINT (2262458.145981067 700905.3285790558),0.0,0.0,0.13612528902816645,0.06336240050244898,0.49405486216573175,0.9460045740841848
391,"3459_1st",POINT (2152573.390663187 615425.6952306442),0.0,0.0,0.06394213611542425,0.0295159615012716,1.0321190997399297,2.3795535045810756
392,"3461_1st",POINT (2265462.9070767295 690072.3197489845),0.2893355376186184,0.35487232642112954,0.28985949473279266,0.13735038336546293,0.22189000642833784,0.21031274337290295
393,"3463_1st",POINT (2149802.090478355 648161.330329349),0.6234926298087566,0.7420669446641925,0.7777931013796073,0.3903037814512823,0.7736401383476582,2.711385711928256
394,"3465_1st",POINT (2268279.9331033365 652490.6787705761),0.0,0.08061694941957619,0.5095146853807797,0.2477138245784654,0.7141239900275971,0.5416001793805378
395,"3479_1st",POINT (2141764.2805536096 638959.654294507),0.0,0.11523918636811965,2.2288060812223316,1.3345562432222249,5.0222824840595015,6.54994211994757
396,"3483_1st",POINT (2153112.9097524583 651152.6724773615),4.847140342055634,2.6214882848619574,4.130481584863702,3.1611148715288184,4.252467381920012,5.490036922336924
397,"3484_1st",POINT (2190984.791222178 629106.0365694723),0.0,0.30395780291304236,1.5551513971692519,0.8568738035079202,2.533097772087146,2.540550633182721
398,"3495_1st",POINT (2137460.498841394 635911.8890372165),0.1252086138391843,0.14350101228813977,0.13948753692852142,0.06495270082965891,0.5065598015452062,1.6581282904024883
399,"3499_1st",POINT (2138970.614914305 629167.2184282735),0.2673833403026065,0.19942444409247234,0.7903962561101827,0.3972214166146463,1.7318683943904187,2.2918053145929114
400,"3500_1st",POINT (2172750.2104209047 636617.1239230904),0.721542650267947,0.5742704864854538,0.7561693779726651,0.37848159470569964,3.6604950850399813,6.579325654477874
401,"3511_1st",POINT (2149065.882855196 644719.721025665),0.02687760786526978,0.40583133412018146,1.0159130486363637,0.5244579736603809,2.0450412717961277,2.3876990090176404
402,"3596_1st",POINT (2188648.6358834193 626832.6057941911),0.30062903335721997,0.4516841074447754,0.3160855658931294,0.15023584295559497,0.5974398862797803,1.7101307753927024
403,"3652_1st",POINT (2198939.717651093 645323.216753864),0.0009649679847541,0.17315325806924933,4.570551478506839,3.710437970699811,8.399572251773664,10.132358885225996
404,"3668_1st",POINT (2189677.7015739665 625053.0255599522),0.0,0.007309166171317272,0.376255757035969,0.18009452924324046,1.482236731229956,1.6212129589368236
405,"3732_1st",POINT (2189590.636974567 628535.6239325084),0.4892468849540707,0.8675156888516029,1.9072161432287726,1.097270554275719,1.2039542759438215,2.044708027665105
406,"3812_1st",POINT (2182194.330888227 650462.1194255914),0.71262762582385,1.0654755256055244,2.487266740112929,1.5384157372012528,5.912021363138019,6.2214442125777225
407,"3964_1st",POINT (2195621.422132008 646512.1394484633),0.3870140954820902,0.5863259240838034,5.139626252583474,4.508538581532598,6.766219224092925,9.937292058179072
408,"3980_1st",POINT (2198490.189049891 653000.0243070524),3.1091896734037165,3.2957761898948923,3.70088942295143,2.6759708224168945,7.372862246258835,9.72738442896452
409,Ac1_1,POINT (2164380.528731211 531374.9284370111),1.6941672629217526,1.7296135198264395,1.6896376670574165,0.9464110055147348,2.801470835121921,3.645249028461084
410,JacksonWetWoods_1,POINT (2271459.2540397784 634643.9628335634),0.0,0.0,0.09198710756376473,0.04259937249027247,0.6782318844331853,0.8191340270455549
411,Large-001_1,POINT (2195757.9445236167 647726.8194417439),0.0,0.15980365708702976,9.780820656791779,16.9306103552401,12.141666343904493,12.56284694762239
412,Large-002_1,POINT (2260454.3907984896 698085.7293485629),1.125875091581582,0.6332891350965901,0.4805962945293103,0.23286304542784533,0.46248514082112746,1.6249141967368754
413,Large-004_1,POINT (2265175.2021810776 698901.9256352634),0.030730976037159394,0.3942316983302873,0.5360167748065399,0.2614108457499697,0.32144316589034583,0.2121400523568703
414,Large-005_1,POINT (2218164.714860366 615101.586133835),0.25264659942203244,0.29673691995987744,0.31479336583721534,0.1495991317857189,0.6883638401709303,1.2489038312691059
415,Large-006_1,POINT (2138429.174885125 631998.1462517866),0.0003931076493877,0.23243541787808839,1.169660520507195,0.6150683857149527,3.2320547335451613,4.620721378323407
416,Large-007_1,POINT (2148846.533044614 647625.7622780809),0.38840246721337185,0.5075277993783701,0.38680461869877014,0.18537202007743944,0.6033318181169848,2.100010174541385
417,Large-008_1,POINT (2218380.5444012554 599672.6918685117),0.0,0.15286023670398066,1.5329762703092888,0.842374680535293,0.46539562616941077,0.23856189406753608
418,Large-009_1,POINT (2254262.945262145 639171.8891108723),0.4046697143155225,0.43617092385360823,0.5404002481401539,0.2636844140409616,0.8080047946178516,1.0053334510480296
419,Large-010_1,POINT (2148672.3757667365 616117.4641283535),1.2294756651380314,0.5373549081377442,0.31295603302985925,0.1486941411859965,0.44225647217945036,0.7094579101338282
420,Large-011_1,POINT (2149228.2198036127 644283.7002659009),0.0,0.03222977816771071,0.8838817271808165,0.44916539029558583,2.128269922867215,4.775037481015955
421,Large-012_1,POINT (2222578.1159150833 592979.64309347),0.4691210753480113,2.757772664880984,3.14726386970261,2.1175178874485985,1.4618295791141465,0.8973476749506635
422,Large-013_1,POINT (2259060.0660939063 695743.8057301573),0.25700051601930785,3.0172892963038778,2.244761592603436,1.3467927687659138,1.0463871365513622,3.5336832133763667
423,Large-014_1,POINT (2153077.9422770166 616573.686137361),0.0,0.07605124532386574,0.4133546105512399,0.19871158899158117,0.9023883597933195,3.3947150257158083
424,Large-015_1,POINT (2264678.539150049 692842.9776844372),0.06405849668507758,0.17100357590981666,0.2406303879193769,0.1133721302336299,0.2406849690668865,0.21423358374125828
425,Large-016_1,POINT (2169269.8759895638 595093.5322511797),0.0,0.0,0.009947732709888297,0.004563419083147736,0.2689788377733098,0.4488787438685801
426,Large-017_1,POINT (2197408.060767563 644339.2583290089),0.0,0.003316379949957386,1.6178052789488948,0.8982421677203816,5.6199190228053455,6.518294516881821
427,Large-018_1,POINT (2136171.8675010377 631125.957445867),0.6084652852819489,0.6874065219048585,0.6438896878274607,0.3180331656511975,0.9487129660567968,0.9164754304935216
428,Large-019_1,POINT (2153392.366047952 614714.2065145778),0.0,0.0969348838467609,0.3147109240927201,0.14955851634663653,3.0748225410622396,5.316488836436221
429,Large-020_1,POINT (2195469.8881724156 598828.9197013098),0.18282826102874683,0.4334629324218815,0.47217893291393076,0.22855893327169977,1.370099520751931,1.6425135609586654
430,Large-021_1,POINT (2219848.5762350345 615811.5142641251),0.03853806905947418,0.1095963780949951,0.10276870659876902,0.04765168078782038,0.6803275457891231,1.8158409861206297
431,Large-022_1,POINT (2136740.3512654346 636158.2280913395),0.0,0.02501827028944721,0.07978375669595031,0.03689593679466598,0.471847265649477,1.6181814352026533
432,Large-023_1,POINT (2145001.7886468666 640859.8342133216),10.743856565443995,8.105169667243917,5.174661028906307,4.561174675784267,4.948479397000149,7.127608386966554
433,Large-024_1,POINT (2219090.5009967396 601272.404510346),0.0,0.0,0.0,0.0,0.7237056389635739,0.5617706418844335
434,Large-025_1,POINT (2241320.9764026757 626722.870089551),1.3248515528823168,7.079687829546934,7.814981262414173,10.042370678122834,6.531113985279965,6.1502708287296635
435,Large-026_1,POINT (2145662.3160453564 616269.8968238244),0.8298303249211026,0.59111702648973,0.41518585635829713,0.1996346755669487,0.8403647907927028,1.160783702349544
436,Large-027_1,POINT (2153653.554385588 660345.76937174),0.986981275362181,1.9975022051302047,3.439803992926478,2.403731115056999,4.823696150710977,5.686394923126226
437,Large-028_1,POINT (2224030.607651549 591297.127168154),0.008647985863178402,0.5619360601844539,1.3450953425892913,0.7224554294341998,0.7861525608089501,0.9397347614673935
438,Large-029_1,POINT (2260106.0608627144 697257.9135870158),0.0,0.1732705349188701,0.2609296086593135,0.1232264471812097,0.5637862754521412,1.3742943865162383
439,Large-030_1,POINT (2152150.710924649 616125.6738684346),0.43827443858968973,0.3947630194370589,0.44617787878947907,0.2153161823805728,1.0434618195459946,1.784499308825991
440,Large-031_1,POINT (2264336.937570804 692802.3003190713),0.0,0.036797119789261354,0.2101102978831188,0.0986424776521446,0.2194467771466729,0.20606649421202963
441,Large-032_1,POINT (2172664.61165202 592892.3191979529),0.0,0.0,0.141726893890615,0.06601257136484312,0.7406304337345582,0.9063825728235954
442,Large-034_1,POINT (2137662.339000455 630421.6370398366),0.3409530015152212,0.18855323544171648,0.46562424126636803,0.22521304656835225,1.1606184892435683,1.9951980876820437
443,Large-035_1,POINT (2151965.164230554 608450.7440384675),0.9791898254460872,0.6786390821405136,0.6340418058208032,0.3128054943922128,0.6823692963602708,2.729377194335498
444,Large-036_1,POINT (2189627.225649951 596322.1076185927),0.19123972495175753,0.19620530031149272,0.6575677742601732,0.3253137654854153,0.85629249128428,1.0094831849185166
445,Large-037_1,POINT (2245224.6063358285 625437.6984654749),0.0,0.5256695554918349,0.9912391563061408,0.5102129024462192,3.5504588440124567,3.4782590492878613
446,Large-038_1,POINT (2143403.959056522 638650.9418543476),0.0,0.09689554042882925,5.469304201003514,5.021056976802928,8.580625307033486,9.216896116689032
447,Large-039_1,POINT (2155365.776850814 655429.7285995912),0.01989353297617553,0.19399919547804903,0.2866145404003311,0.13576146689772378,0.8094173425114928,2.301680959599948
448,Large-040_1,POINT (2217943.1507047317 601045.4524279413),0.29726343225263524,0.18184050978826524,0.15213507318808378,0.0709458623476373,0.1962950411815095,0.4100474380760408
449,Large-041_1,POINT (2226791.711212853 619157.5039082686),0.013607458349381821,0.32822385374342544,0.5924256249286359,0.2908442967294189,0.7151540606688183,0.8043206126906925
450,Large-042_1,POINT (2153863.550612816 613679.4099699504),0.5066875351712425,1.5393252791822678,3.4605169467417847,2.4247363363142456,7.233716374753955,6.8312487485186235
451,Large-043_1,POINT (2267827.407393981 649001.4193384877),0.01938714927613703,0.15689146293797562,0.25859552245215256,0.12209101311762832,0.3286944640379559,0.3536134635547677
452,Large-044_1,POINT (2226667.7989604496 619192.6049063375),0.0008074995933865,0.1814337864203887,0.530102367969121,0.2583468655740278,0.7057257710685227,0.9781324286656887
453,Large-045_1,POINT (2382504.9572858694 489324.06061415025),7.773807073417793,8.472437554138825,7.640704391314356,9.569086549096282,5.998311207568956,5.5056021824806125
454,Large-046_1,POINT (2151134.358926934 613319.5793091124),0.0,0.015132941239746626,0.2525144486650722,0.11913569271341203,0.9464278944098217,1.2960229557265475
455,Large-047_1,POINT (2264472.818545091 691776.3646262942),0.0,0.0,0.04170066802837025,0.019199878442700963,0.1011085334322736,0.1678985536807666
456,Large-048_1,POINT (2164011.306945883 598569.7848401401),0.0,0.0,0.06310798308120825,0.02912810863469852,0.22156149374918666,1.6510565022463801
457,Large-049_1,POINT (2213013.2901213043 605210.3898826083),0.0,0.20676347583009985,0.23795145091863676,0.11207506934294104,0.46573079046351545,0.4470355033294182
458,Large-050_1,POINT (2136099.1709972345 631712.079725858),0.0,0.009413267853799354,0.4121455277497009,0.19810233298846242,0.7830692569277269,0.9488312618115375
459,Large-051_1,POINT (2155518.1137281437 606080.7145342723),0.1669231109026162,0.18508537001986483,0.8705147571335954,0.4416695256529565,2.1296195602690298,1.9676377164926206
460,Large-052_1,POINT (2220014.107269852 601613.6603430075),0.0,0.0,0.028207512859090435,0.012967154904438734,0.40914478454479375,0.8211155459890468
461,Large-053_1,POINT (2250171.9069935326 639513.2563031832),1.7744239712535606,1.551257415405264,1.1585656954331516,0.6084217687251712,1.0002194368286363,2.5945647431993866
462,Large-054_1,POINT (2141517.7281377898 627917.501419386),0.2986416941782771,0.18965524377973875,0.2433015215586415,0.11466620981320645,1.4548349343876368,2.696524205561563
463,Large-055_1,POINT (2151911.8343364107 657629.316079848),1.3483862862562388,1.1459074886704212,2.784147033145452,1.788050682888167,3.5586564345843175,3.424970699612123
464,Large-056_1,POINT (2211425.90658686 600581.3197285794),0.0,0.01669452391492739,0.20267073132003005,0.09506764674980157,0.3695248784375237,1.0443478512981148
465,Large-057_1,POINT (2259943.5806985507 691068.3452341884),1.0122819790986335,0.47370668020693496,0.5380770659112241,0.2624791674468016,2.6629512088198153,3.2236406958186463
466,Large-059_1,POINT (2262910.0112402085 636624.0167312536),0.5022700498987038,0.49576437434684145,0.4971188624170397,0.24133595028753857,0.5893686873590591,0.5640882412480679
467,Large-060_1,POINT (2187083.8153099995 561221.8073504424),0.0,0.0036203008056422464,0.3759048235116131,0.17991918090591466,0.7540492958069294,0.7619607388612519
468,Large-061_1,POINT (2232956.0625580866 691624.9750258983),0.6094860632944966,0.7357420340918291,1.2365588059688286,0.6555072558169425,1.5066095194997606,5.862909167421284
469,Large-062_1,POINT (2149319.456700228 615863.6433523217),0.13532666218560882,0.1901915808518714,0.21187682382311332,0.0994922217236247,0.8622088710587518,0.7216833947038714
470,Large-063_1,POINT (2265192.481864749 685182.3121141944),0.0,0.0009526195933171,0.1858272203054518,0.08699666138555046,0.44655858653159697,0.451540216477925
471,Large-064_1,POINT (2158147.8373892554 601408.4011726946),0.0,0.18508216191570093,4.2702248366408,3.3295581425608485,9.123102203180315,8.351238520162509
472,Large-065_1,POINT (2197191.6248570834 643171.1764321849),0.0,0.0795371905809614,0.4096945876014755,0.19686782619955984,6.541997227986008,8.146888416145806
473,Large-066_1,POINT (2137704.3655145233 629354.9894749249),0.18389301267740038,0.3115531327158987,1.626242786086033,0.9038589215470882,1.1202089733616973,1.5075511230977745
474,Large-067_1,POINT (2151556.2015129793 614168.1259035332),0.4989410832893451,0.5829264850689635,0.8641645811185032,0.43811658024887457,0.9326320247690211,0.8793155963602772
475,Large-068_1,POINT (2195982.0843521026 598126.9067600635),0.0,0.0,0.057972609958663525,0.02674197466333142,1.1673682106790013,1.1663323203006701
476,Large-070_1,POINT (2135990.914555448 636593.8554827941),0.0,0.0,0.10242871060605355,0.04749216545496579,2.1026469333067728,3.725219070028399
477,Large-071_1,POINT (2148856.7983230646 643719.7627373231),0.0,0.0,0.25898373974508127,0.12227982207988913,2.7669237087228793,5.4710932310715314
478,Large071_1,POINT (2148851.588979575 643683.2862224043),0.0,0.0,0.2663217592863624,0.12585183446207576,3.0796575478803785,5.479253628226219
479,Large-072_1,POINT (2219324.218739034 601384.1614372062),0.0,0.0,0.0,0.0,0.7257585216561769,0.6091970220400487
480,Large-074_1,POINT (2146156.627514243 615880.0460637579),0.0,0.0002166756829634,0.28985677322751413,0.13734905026229796,0.5374415166237467,0.9554262405956795
481,Large074_1,POINT (2146167.554441746 615887.4144321422),0.0,0.0,0.28890475653468056,0.1368827653040322,0.5348753388258946,0.9412400133911711
482,Large-075_1,POINT (2265794.3207066734 642934.4604986175),0.0,0.016195809319322213,0.2707801312309117,0.12802503686143854,0.4034192352055931,0.33701723333252
483,Large-076_1,POINT (2221562.1983457366 592112.6278860874),0.0,0.0,0.0,0.0,0.8333875051476612,0.9355492756362817
484,Large-077_1,POINT (2260095.357213513 695446.6902038757),2.1286228949802197,1.638955959049357,2.143797996508246,1.2701146701461126,0.8483486227296889,1.046852305609851
485,Large-078_1,POINT (2150410.597665427 613897.0527633372),0.0,0.002507802549554814,0.14766148940384727,0.06882401474706915,0.8341519535932715,0.7720963108778716
486,Large-079_1,POINT (2264705.2857331396 690908.3226856574),0.0,0.0,0.032859404026229395,0.015113757634667335,0.13591397124161542,0.15954483922421855
487,Large-082_1,POINT (2136647.8931294996 636004.5431373998),0.0,0.0,0.05680119004942305,0.026198073412762573,0.44348060067759576,1.567636138842493
488,Large-083_1,POINT (2152569.8143507903 609103.9500361398),0.0,0.018885880290342435,0.45606521887138823,0.2203426221867629,3.2211472309879903,3.8239886794612103
489,Large086_1,POINT (2145061.175914599 640431.0435103849),0.0,0.2290228974529421,5.0385223123523435,4.358999715959255,6.130731747925523,8.193728817285974
490,Large-089_1,POINT (2224961.1651533972 616292.0505729689),0.0,0.031685533053423844,0.21319276980362173,0.10012545001252651,1.8519970391225613,2.6527958813548222
491,Large-121_1,POINT (2241382.851388215 623702.8633306796),0.0,0.04330345891788917,2.195136671794908,1.3088817139878821,5.984861081934603,5.506716853537675
492,Large-122_1,POINT (2148606.7828290085 615348.1613391949),0.21398696107463647,0.16992321694236723,0.5114871789443041,0.2487303879488087,0.3023775266784625,0.6232524854535262
493,Large-123_1,POINT (2153490.64833424 649100.5192213599),0.3562255553264202,0.5819089651841503,1.1187247185914895,0.584693569132365,4.271569657547126,5.497640210519537
494,Large-124_1,POINT (2152098.26059272 609359.0283606288),0.4926030735931413,0.409871569603677,0.3624282791577611,0.17319616498878943,2.893358852151774,3.6110281610680275
495,Large-125_1,POINT (2259194.143923059 696867.8053557276),0.0,0.12039176571229612,0.28309731344888783,0.13404057035521838,1.0806260419796907,2.7559485408932725
496,Large-126_1,POINT (2152780.2299283063 616731.7135391212),0.02729966067089022,0.19528586968527412,0.492906239332031,0.239172620946764,0.6969366869407677,3.566710337583126
497,Large-127_1,POINT (2264275.0554668875 697352.9554277494),0.5792544129406549,0.5676488659200127,0.6490531270512441,0.3207788777724392,0.2808283374644463,0.27525804063687487
498,VIBI001_1st,POINT (2361406.9307748326 593501.7470163718),0.0,0.0,1.7116560886587198,0.9613362035133832,2.892604834395001,2.226895074244045
499,VIBI002_1st,POINT (2363143.873990256 594845.7625740799),0.0,0.0,0.0,0.0,0.3349956270647025,1.4715394196307234
500,VIBI003_1st,POINT (1975270.9511258837 475035.28642740025),,,,,,
501,VIBI004_1st,POINT (1975958.54291981 475024.5597801098),,,,,,
502,VIBI005_1st,POINT (2185928.6983900615 563583.2737346875),0.0,0.0,0.1522317016014099,0.07099171790242656,1.3085620811438594,0.6670687194605744
503,VIBI006_1st,POINT (2185493.5567489318 563932.7606108319),0.0,0.0,0.18605475408704752,0.08710548139234953,1.313342201216935,0.67044757783563
504,VIBI007_1st,POINT (2141559.1640791474 638499.0631024897),0.0,0.0,1.3051048376352348,0.6975933645008335,6.281381556655478,6.949792439439404
505,VIBI008_1st,POINT (2141046.4618951306 638090.9086665568),0.0,0.00643329258264244,1.0047174841499464,0.5179843655106506,4.939466321013858,6.668718479776539
506,VIBI009_1st,POINT (2141214.529711165 637986.4543368041),0.0,0.08858547656409216,2.526596050685394,1.5705138664972937,6.348746132606275,6.995025258756735
507,VIBI010_1st,POINT (2139720.7666169535 637833.6113340809),0.36720252007492066,0.19282785409717762,0.4839759877901538,0.23459355766978604,2.4308772768787796,3.6860074937044462
508,VIBI011_1st,POINT (2362907.413132238 595519.6495070404),0.0,0.0,0.0,0.0,0.504310879914068,2.2437527538354587
509,VIBI012_1st,POINT (2264666.123937439 669561.2507509842),0.040889037891043874,0.36348492356132434,0.5316742511510391,0.2591607783502015,0.747010717798454,0.8441689868462187
510,VIBI013_1st,POINT (2476990.908005197 832725.1183938067),,,,,,
511,VIBI014_1st,POINT (2477455.7662505438 832877.2457107819),,,,,,
512,VIBI016_1st,POINT (2194493.3725634185 596622.5632458657),0.24713585248036624,0.2521287982079882,0.7261752939710144,0.3621802862507175,1.1386125757525811,1.7722838078495577
513,VIBI017_1st,POINT (2194750.3905228702 597047.6527822514),0.0,0.0015866113601030619,0.3652785000551559,0.17461630980145793,1.5139230111621584,1.538235290040889
514,VIBI018_1st,POINT (2263698.5607688865 701263.1871750667),0.0,0.0,0.21515794856736184,0.10107144398036078,0.5647166287721248,0.4745545376801425
515,VIBI019_1st,POINT (2263298.2489653104 701112.4744058575),0.0,0.0,0.0660528331173612,0.030497696810360676,0.4691151796305577,0.5545928978915681
516,VIBI020_1st,POINT (2261844.4886608655 697188.1206847465),0.0,0.0,0.016175606284742735,0.0074257164900948065,0.23964210156732924,0.3174587219813719
517,VIBI021_1st,POINT (2145480.646486062 640079.9751406864),0.0,0.0,4.94183671828301,4.219215718728648,8.98243002601978,9.308378177044865
518,VIBI022_1st,POINT (2305114.5492649833 707514.7239864261),0.0,0.0,0.0,0.0,0.14712391783474407,0.2613400881585844
519,VIBI023_1st,POINT (2304629.240522203 707209.0573936056),0.0,0.0,0.0,0.0,0.03328018019585601,0.22017218836556823
520,VIBI024_1st,POINT (2305113.5857706587 708939.583943444),0.0,0.0,0.4179916784421497,0.20104977767691584,0.22956192659401936,0.324091254785632
521,VIBI025_1st,POINT (2219720.3895719787 594253.9558461191),0.0,0.0,0.0,0.0,0.0,0.10773284551124446
522,VIBI026_1st,POINT (2262316.2715187273 688648.6462470612),0.0,0.06763046911903184,0.20822648860782256,0.09773669804489554,0.2801674018126379,0.449531446865924
523,VIBI027_1st,POINT (2262853.918212037 688556.8814552095),0.4715007602923091,0.3979194666765468,0.2040240423447916,0.09571747879716136,0.18356243220545954,0.40633024840483506
524,VIBI028_1st,POINT (2266224.413414464 638126.2331887952),0.0,0.02072846840969897,0.25451135460392427,0.1201057059658383,0.42420573557065366,0.48686557525159135
525,VIBI029_1st,POINT (2265779.2742990092 637745.3771754559),0.0,0.0,0.04513087412337195,0.02078743997746709,0.46144889622280744,0.5013916476312634
526,VIBI030_1st,POINT (2322036.156593933 713539.2836678958),0.18288741426630528,0.14249076919766668,0.07349160430639058,0.033961452406220595,0.12871011079349426,0.37557977833167155
527,VIBI031_1st,POINT (2227991.810138845 622661.2126704715),0.18184606618547616,0.1328216702582408,0.12121979881718771,0.05632710252869432,0.2454415710180435,0.41297076002205957
528,VIBI032_1st,POINT (2230956.9717146703 627845.8542610409),0.0,0.0,0.057937243502888994,0.026725551538375438,0.7477971441047837,3.7824040139246975
529,VIBI033_1st,POINT (2223889.295822609 535045.3724682109),0.0,0.012300083864372697,0.06760943099455397,0.03122201320345547,0.5469845183620564,1.8666668294847408
530,VIBI034_1st,POINT (2226017.2555921995 536729.5559343948),0.026119288965545676,0.11768533256848972,0.21551301457955918,0.10124241063584134,0.37213849846936126,1.4879498927731172
531,VIBI035_1st,POINT (2227577.7754821526 548343.8644400304),0.0,0.0,0.0002599087316009,0.0001190974959442,0.10131102235018283,0.24071292226132152
532,VIBI036_1st,POINT (1996114.3563861048 585006.68454957),0.0,0.7628514071235253,4.622883993944444,3.7795438148660034,5.431988409136521,6.819841383067659
533,VIBI037_1st,POINT (1995058.0662032906 585686.820175495),0.0,0.0,0.33256073581838735,0.1583703500680718,5.279016589188874,6.4863615649973525
534,VIBI038_1st,POINT (2177478.9455832383 444844.83574436605),0.0,0.0,2.4436658107870324,1.5031694835265794,6.937166260181792,8.62640023303869
535,VIBI039_1st,POINT (2176609.902595634 444298.10370119545),0.0,0.0,2.1859791474284953,1.301933027469663,7.3204307252177045,8.820021416662163
536,VIBI040_1st,POINT (2209725.4993881085 577896.9310741535),0.0,0.0,0.0,0.0,0.07694174261757251,0.14821141119988365
537,VIBI041_1st,POINT (2227815.162481051 548288.1295559123),0.0,0.0,0.038824631404005515,0.017869762649202044,0.1053218493818425,0.1845653462055416
538,VIBI042_1st,POINT (2216131.535672852 598235.5883036556),0.0,0.0,0.0,0.0,0.0635901809999271,0.0840869379503793
539,VIBI043_1st,POINT (2321443.5440509645 589986.6410476026),0.0,0.08609110957212315,0.5334004797037972,0.2600549498025606,1.3404821669246723,3.783587589857109
540,VIBI044_1st,POINT (2363749.630233204 593445.5267827928),0.0,0.10190596691282146,0.48699972996064034,0.23614295326367038,1.4919049932533741,2.062695910544846
541,VIBI045_1st,POINT (2361474.0134133655 593265.9888790151),0.0,0.0,1.8257732727951772,1.0399147107231321,3.159472429065687,2.237644643352968
542,VIBI046_1st,POINT (2209432.4390948066 578600.8497644644),0.0,0.0,0.03226655996669527,0.01484006347123437,0.08342107511702208,0.13230410311169682
543,VIBI047_1st,POINT (2325713.453909701 551494.4933767684),0.0,0.2918724633261597,0.7514361455034233,0.3759016707935009,0.6482628617543996,0.6735130540494301
544,VIBI048_1st,POINT (2411288.536193328 747134.2189220538),,,,,,
545,VIBI049_1st,POINT (2410445.909603179 746622.9026950493),,,,,,
546,VIBI050_1st,POINT (2456383.318906394 805815.1320113209),,,,,,
547,VIBI51_1,POINT (2313525.1113541084 744740.7519442827),0.0,0.0,0.26982660982831275,0.1275600619197476,1.9170554758665026,2.008157441474148
548,VIBI52_1,POINT (2369009.224274684 523249.1163338571),0.31518792998129974,0.6303989625071106,0.8177633303803284,0.41231199320154016,1.1481387258160478,1.425236500883325
549,VIBI53_1,POINT (2373174.490223213 763472.1693884197),0.0,0.3451770141901714,1.646128092244601,0.9171395910837241,1.6490124187296482,1.4671638800744202
550,VIBI54_1,POINT (2224415.5231991075 535557.4279689066),0.0,0.0676965715703323,0.21832986519913136,0.10259923843579066,0.3390552759928743,1.2432405505886972
551,VIBI55_1,POINT (2317513.9047439797 705444.4718297219),0.0,0.017602487942105942,0.2926365128338038,0.13871111437956063,4.557004443169424,6.115516838272102
552,VIBI56_1,POINT (2103416.638718202 670340.0206398272),0.0,0.05191060453925266,0.2708024404988934,0.1280359169696304,0.8584658544230612,2.6082634858129516
553,VIBI57_1,POINT (2189604.7385446182 625821.1769720762),0.0,0.014660493971469585,0.30001148606504646,0.14232905692296408,1.4396588390787213,1.6046869471408391
554,VIBI58_1,POINT (2320353.4892581967 503456.53583846596),0.0,0.0,2.069245758887977,1.2146282165003819,4.669215064425943,5.4308970735896445
555,VIBI59_1,POINT (2162860.8975917213 597798.9091044427),0.0,0.0,0.0,0.0,0.040105885569922776,0.14370897945337666
556,VIBI60_1,POINT (2149658.834587944 650423.0069777174),4.498201553384513,7.680427461384172,7.437376470199581,9.040386328077124,4.5216194272303625,3.088405249764369
557,VIBI61_1,POINT (2300370.7635734864 607489.4290238983),0.0,0.0,0.42393039500628704,0.2040479562832786,2.113468245484022,2.3411485389734965
558,VIBI62_1,POINT (2297926.6069884626 711448.4551609785),0.9708034618617757,1.5735422362839222,1.9005137949412445,1.0925097284043517,1.7215110955783406,1.163728500005863
559,VIBI63_1,POINT (1976131.6427765347 616358.9429676785),,,,,,
560,VIBI64_1,POINT (2155506.220371757 562496.1653927692),0.0,0.05187866800900907,0.5569821672414131,0.2723057176926341,1.0956975335442602,1.810270400349503
561,VIBI65_1,POINT (2414012.228271216 728980.4936247015),,,,,,
562,VIBI66_1,POINT (2045703.146102961 587454.2116714922),1.7192197657197619,3.0370566208431664,3.972571491826271,2.977183744671294,5.831108164133802,5.982842250322991
563,VIBI67_1,POINT (1953940.5176605328 618060.0474297383),,,,,,
564,VIBI68_1,POINT (2200166.7970432118 561676.1087114058),0.0,0.0,0.0903608884962023,0.0418384065543246,0.775035123934365,2.267605288678264
565,VIBI69_1,POINT (2147422.9744333155 550950.2072596371),0.0014402483276913672,0.13570072001720018,0.22075331595697167,0.1037672768594388,2.1595249257956444,2.6829931993839766
566,VIBI70_1,POINT (2265650.9326393455 723950.1747171318),0.652327496579661,5.793153465221151,9.14559516979936,14.356041357006411,10.279636375918727,9.945050600658682
567,VIBI71_1,POINT (2128919.233544883 603858.3194393744),0.27772103659658925,0.7688210617025265,0.920234153174237,0.46966800385148433,1.1200023599917777,1.0384005429886123
568,VIBI72_1,POINT (2322202.1588629177 744893.5606403166),0.0,0.0,0.0,0.0,0.02280762571658799,0.14450028559725134
569,VIBI73_1,POINT (2153233.733252267 606696.9783591755),0.18064200403979225,0.2527426571663406,0.19760473601659823,0.09263685728214663,0.28075953232004536,1.721412944555295
570,VIBI74_1,POINT (2389807.091249134 787582.1424894622),0.0,0.0,0.02829969853950915,0.013009671412804708,0.1636104269432519,0.8464686874385963
571,VIBI75_1,POINT (2403657.6548209246 576911.4854487487),,,,,0.016160733061472414,0.02608235937506633
572,VIBI76_1,POINT (2162858.238928595 597787.9566881496),0.0,0.0,0.0,0.0,0.039376687296722584,0.1404234806103151
573,VIBI77_1,POINT (2408509.9994505974 719220.3765149453),,,,,,
574,VIBI78_1,POINT (2281556.428721631 673453.4291399765),0.32607166742441207,0.14162975221532684,0.2830252541318039,0.1340053279909793,1.0110285986791816,0.8650322750490032
575,VIBI79_1,POINT (2196643.5294101397 646868.0297768574),0.006910688696170418,0.015565040207588633,1.310950184207901,0.7012131414883983,10.322963145318482,11.327340371000066
576,VIBI80_1,POINT (2232622.2928989776 553809.5873577069),0.0,0.013316965605659793,1.108546388025073,0.5786664611641906,1.6040948351834874,1.584467316755631
577,VIBI81_1,POINT (2168913.743176704 628626.8003219201),0.08621713813464027,0.7236544970581456,3.317371877197037,2.281596914437787,7.392148477063256,6.885153994893144
578,VIBI82_1,POINT (2277913.0436999467 691863.0089889975),0.022758165131968964,0.19198011510758592,0.6232998266808663,0.30711669967784827,0.8875079494051925,1.059499452867619
579,VIBI83_1,POINT (2148126.5408980553 582705.1580106083),0.0,0.03260575006354287,0.31081044372806954,0.1476378012758256,1.7070224745132003,2.535603911565482
580,VIBI84_1,POINT (2191254.297253831 560458.572422762),2.6800091271266573,1.8839892475803741,1.628728231643036,0.9055155364974767,0.9676337619133093,0.9662399457473028
581,VIBI85_1,POINT (2147668.7871378907 647463.8714368977),0.2706143991748489,0.4478788910968783,0.444685267688526,0.21455837541683398,1.054617371633205,3.667530601506476
582,VIBI86_1,POINT (2264442.9255683813 713370.8022579905),0.0,0.0,0.007437581725963332,0.0034109271833426187,2.1226656127395347,1.908425368371303
583,VIBI87_1,POINT (2355494.2289772355 702819.8276824137),0.3388894367161638,0.7878485402126061,0.9378446874464481,0.4796621463306849,0.7921512584434676,1.9043415732712923
584,VIBI88_1,POINT (2316753.092394324 556901.3809454782),0.0,0.0,2.1508801249237757,1.2754353425073706,4.9053780718255275,5.873711433069859
585,VIBI89_1,POINT (2301245.6347339307 598289.8962203426),0.0,0.0,0.7429272296413749,0.3712708152613226,4.369731467952594,3.1852856236903366
586,VIBI90_1,POINT (2261542.1302485527 531951.7786604809),0.0,0.13916080904067948,6.293390812467855,6.4860236077929345,5.505185301371592,3.80294711362568
587,Weintraub_2019_1_1,POINT (2265656.4892094606 723942.9556844085),0.6414691292975487,5.9446304218509844,9.187560405559742,14.514756330456729,10.290134802737503,9.95319594071203
588,Weintraub_2019_2_1,POINT (2247171.6297713662 649356.6337598858),0.0,0.029650165535833276,0.3052217488937691,0.1448887629114694,0.7662239881796236,4.630629556099591
589,X-Large-003_1,POINT (2118018.4713258524 636208.783933201),0.0,0.0,0.046292691852956064,0.02132543461186091,0.13196398055713493,0.22739204160556445
590,X-Large-004_1,POINT (2189712.8124297974 583770.5828379864),0.0,0.15576192392114172,0.24133270306271315,0.11371230253872591,0.6198513924671676,1.3144894141434835
591,X-Large-005_1,POINT (2223701.421530609 592787.531850048),0.0,1.0315201151925966,1.8702013993268376,1.071069684677915,1.5292066637324353,0.9785510491944865
592,X-Large-006_1,POINT (2117839.65616451 638488.6062093187),0.39036842988290665,0.18473831589715814,0.12949836492679767,0.06023155248044308,0.15109370785981968,1.7521445856786475
593,X-Large-007_1,POINT (2117371.7110816236 633909.2407026446),0.0,0.0,0.009763105838551544,0.004478628188559688,1.0026748810325121,1.3875603795090812
594,X-Large-008_1,POINT (2190347.533109446 581429.9591544664),0.0,0.0,0.02908100249097127,0.013370049040041285,0.30843714390555194,1.381226399616443
595,X-Large-010_1,POINT (2115660.739456531 635556.5222211232),0.11534991155829767,0.15394811608140174,0.2308798674009312,0.10865506187879409,0.13218534384124817,0.21283182458164296
596,X-Large-011_1,POINT (2152507.568482388 619702.8403988325),1.960147578222091,1.5824926793505338,4.238733984810787,3.2911253390031923,5.714082691921043,6.75534930757872
597,X-Large-012_1,POINT (2191276.0322747524 582108.9932453758),0.0,0.0,0.15761077634018003,0.0735459978580973,1.9005532037989732,1.4636300489268934
598,X-Large-014_1,POINT (2119637.0695631034 639214.0565636446),0.0,0.0,0.1362203055094408,0.06340732518201324,0.3063046193786967,0.9145028828158288
599,X-Large-015_1,POINT (2150875.8646594426 623461.5459489246),0.13673587924092712,0.2737169276609485,2.491549063859348,1.5418966173486157,6.642468718237506,8.074044525034084
600,X-Large-018_1,POINT (2117008.102075302 634591.9896277793),0.0,0.0,0.0,0.0,0.1495536363923749,0.7943137292928117
601,X-Large-031_1,POINT (2118999.5724132853 637224.2333042474),0.08143630560799128,0.2101061722217854,0.1868056642723817,0.08746465116659816,0.22189391932355212,0.3295108895160436
602,X-Large-032_1,POINT (2189709.9029696346 583489.9974556548),0.0,0.09447305068854214,0.3794449932287397,0.18168872076959305,0.5852238812337218,1.2508612760645228
603,X-Large-033_1,POINT (2224052.4843820496 589760.8184845691),0.06370689090772483,1.9671569347101063,1.53236170633789,0.8419739035624695,0.6945237516664909,0.6864030022372873
604,X-Large-034_1,POINT (2115970.042477912 634972.3105186517),0.4272476676084183,0.300180148854935,0.24521670801897297,0.11559454699007832,0.18198471529701346,0.2520195052308479
605,X-Large-16_1,POINT (2152692.8235902074 606678.2380733282),0.22611583173443717,0.16868914122727624,0.1479167786146138,0.06894504115379389,0.44574325408085913,2.4203116919578638
606,X-Large-17_1,POINT (2224434.270923998 589013.2003353596),0.0,0.06149433325246663,0.1942242044208006,0.09101637150927883,0.6469316909058014,0.7517791930611211
607,X-Large-19_1,POINT (2118479.5889986744 633537.2191714025),0.0,0.0,1.9793746538157062,1.1489944063359063,1.494380852080811,1.9494708574886819
608,X-Large-20_1,POINT (2190867.1806451655 582615.3041372211),0.0,0.0,0.0,0.0,1.3132214679968883,1.5241472396579072
609,X-Large-21_1,POINT (2225331.093250532 589711.4492390254),0.0,0.0,0.0,0.0,1.0754821502262046,1.499037792367208
610,X-Large-22_1,POINT (2114112.6855068393 636162.8289767203),0.0,0.0,0.006152580908923236,0.0028211992780289735,0.3074171245057091,0.47557262246935234
611,X-Large-23_1,POINT (2152790.8130133357 619992.8685141566),0.2946851430734277,0.5586984245122415,3.6590528763623653,2.631238300056954,6.308302265185601,7.057593872805503
612,X-Large-24_1,POINT (2190244.182399572 580416.0790600883),0.0,0.0,0.0,0.0,0.37292609688371303,1.140485144086653
613,X-Large-26_1,POINT (2120397.5847480246 639521.2995855171),0.0,0.0,0.14253893400839934,0.06639703878425818,0.6556694515862727,1.046693123930449
614,X-Large-26a_1,POINT (2120375.7832425586 639499.2990568059),0.0,0.0,0.13022147576777132,0.06057294942522949,0.6439248127128084,1.0277752916440126
615,X-Large-28_1,POINT (2152184.2701485395 607454.068909869),0.3872203596991266,0.436392258433013,0.5632718899364905,0.2755845031817348,1.4008534645145774,2.638845560086767
616,X-Large-35_1,POINT (2153324.219210783 618455.7125113955),1.7202560927130304,3.8883920689279687,3.8845292876411843,2.8775005041480304,3.716814749417885,4.00426403616348
617,X-Large-36_1,POINT (2191341.5920832315 581563.0601702722),0.0,0.0,0.036967506056934,0.01701134311314274,1.6188481335874179,1.390259636741193
618,X-Large-38_1,POINT (2116924.9730401044 637378.8799426081),0.0,0.07947689533326449,0.10616386983629968,0.04924526883906078,0.12004554536301741,1.2115862687475998
619,X-Large-38a_1,POINT (2116913.9792944486 637382.4554036816),0.0,0.07857731168885225,0.10811508963117131,0.050161676919486496,0.12219160273457806,1.2245297269553654
620,X-Large-40_1,POINT (2190931.1934054825 579271.0614065318),0.3249110204205696,0.5838214912619145,0.17154132620070067,0.08017571218986573,0.17383738194920495,0.5370499447597368
